"ts","uid","id_orig_h","id_orig_p","id_resp_h","id_resp_p","proto","service","duration","orig_bytes","resp_bytes","conn_state","local_orig","local_resp","missed_bytes","history","orig_pkts","orig_ip_bytes","resp_pkts","resp_ip_bytes","tunnel_parents"
"1591933028.033354","CbkqEj3mWCgRqsLVgk","10.0.2.15","40412","10.0.2.4","80","tcp","-","0.000205","0","0","SF","-","-","0","FfA","2","104","1","52"
"1591933028.033463","ChnhZDKlbsnp2mT9b","10.0.2.15","40410","10.0.2.4","80","tcp","-","0.000187","0","0","SF","-","-","0","FfA","2","104","1","52"
"1591933028.033472","CidjQk2Ue7Q7j2N4Ej","10.0.2.15","40408","10.0.2.4","80","tcp","-","0.000223","0","0","SF","-","-","0","FfA","2","104","1","52"
"1591933030.709454","CGlCGX24x2ddR0V0c1","10.0.2.15","40414","10.0.2.4","80","tcp","http","0.028563","430","3841","SF","-","-","0","ShADadfF","5","698","5","4109"
"1591933030.715957","C26nVX2tI2iy7fMFRj","10.0.2.15","40416","10.0.2.4","80","tcp","http","1.026602","430","3841","SF","-","-","0","ShADadfF","5","698","5","4109"
"1591933030.726634","Czpnuxot0n86dkVL7","10.0.2.15","40418","10.0.2.4","80","tcp","http","1.114983","433","3841","SF","-","-","0","ShADadfF","5","701","5","4109"
"1591933030.737451","COIwK437YHdTHcVfv3","10.0.2.15","40420","10.0.2.4","80","tcp","http","1.181938","457","3841","SF","-","-","0","ShADadfF","5","725","5","4109"
"1591933031.725906","CNZhOU3YQAv7KLWLSe","10.0.2.15","40422","10.0.2.4","80","tcp","http","0.249850","458","3841","SF","-","-","0","ShADadfF","5","726","5","4109"
"1591933031.821556","CoyruN02jpjkXhEJ6","10.0.2.15","40424","10.0.2.4","80","tcp","http","0.698949","477","3841","SF","-","-","0","ShADadfF","6","797","6","4161"
"1591933031.894799","CDQT7W2URKlpcGPSwa","10.0.2.15","40426","10.0.2.4","80","tcp","http","0.695534","477","3841","SF","-","-","0","ShADadfF","6","797","6","4161"
"1591933031.963422","CpeljI3A01ajpnkf25","10.0.2.15","40428","10.0.2.4","80","tcp","http","0.706015","451","3841","SF","-","-","0","ShADadfF","5","719","5","4109"
"1591933032.504164","CwfCAA4D5gp4gdmPOg","10.0.2.15","40430","10.0.2.4","80","tcp","http","0.222511","451","3841","SF","-","-","0","ShADadfF","5","719","5","4109"
"1591933032.570031","CeYiHO1TOMOEGAXNb1","10.0.2.15","40432","10.0.2.4","80","tcp","http","0.213545","460","3841","SF","-","-","0","ShADadfF","5","728","5","4109"
"1591933032.645356","CKs9sU3MH73FChx9Qf","10.0.2.15","40434","10.0.2.4","80","tcp","http","0.191595","460","3841","SF","-","-","0","ShADadfF","5","728","5","4109"
"1591933032.708697","C01ZO23FQBF9NxUsT7","10.0.2.15","40436","10.0.2.4","80","tcp","http","0.184577","489","3841","SF","-","-","0","ShADadfF","6","809","6","4161"
"1591933032.772125","CjYK9D2gktK1w6csY8","10.0.2.15","40438","10.0.2.4","80","tcp","http","0.177737","489","3841","SF","-","-","0","ShADadfF","5","757","5","4109"
"1591933032.825938","C6UL4O17npxcSKsNw3","10.0.2.15","40440","10.0.2.4","80","tcp","http","0.176659","483","3841","SF","-","-","0","ShADadfF","5","751","5","4109"
"1591933032.878452","CZR0701FG9SeNvZNPh","10.0.2.15","40442","10.0.2.4","80","tcp","http","0.192361","483","3841","SF","-","-","0","ShADadfF","5","751","5","4109"
"1591933032.931217","CufRbp3IyOAh9qGEn1","10.0.2.15","40444","10.0.2.4","80","tcp","http","0.210584","481","3841","SF","-","-","0","ShADadfF","6","801","6","4161"
"1591933032.986038","CfUZVL1Z0DD65Hkq3f","10.0.2.15","40446","10.0.2.4","80","tcp","http","0.214018","481","3841","SF","-","-","0","ShADadfF","5","749","6","4161"
"1591933033.039555","C8ivup46c7kkvFM4Ra","10.0.2.15","40448","10.0.2.4","80","tcp","http","0.228749","582","3841","SF","-","-","0","ShADadfF","5","850","5","4109"
"1591933033.112811","ClldPZc5e9PyM0wnf","10.0.2.15","40450","10.0.2.4","80","tcp","http","0.218344","582","3841","SF","-","-","0","ShADadfF","6","902","6","4161"
"1591933033.177190","C88aR62rVGdwJZwYo1","10.0.2.15","40452","10.0.2.4","80","tcp","http","0.230594","703","3841","SF","-","-","0","ShADadfF","5","971","5","4109"
"1591933033.251394","CuSQMS3PDlWkeb9KI3","10.0.2.15","40454","10.0.2.4","80","tcp","http","0.203350","677","3841","SF","-","-","0","ShADadfF","6","997","6","4161"
"1591933033.304491","Calz779JohAfNmXe1","10.0.2.15","40456","10.0.2.4","80","tcp","http","0.202293","686","3841","SF","-","-","0","ShADadfF","6","1006","6","4161"
"1591933033.389905","CyYAbx2963guknadyb","10.0.2.15","40458","10.0.2.4","80","tcp","http","0.177820","715","3841","SF","-","-","0","ShADadfF","5","983","5","4109"
"1591933033.444710","CWcbk12Pq6WOM1VB5","10.0.2.15","40460","10.0.2.4","80","tcp","http","0.198796","709","3841","SF","-","-","0","ShADadfF","5","977","5","4109"
"1591933033.486733","CpehH32Xa4cS5wlPq1","10.0.2.15","40462","10.0.2.4","80","tcp","http","0.209459","707","3841","SF","-","-","0","ShADadfF","5","975","6","4161"
"1591933033.548503","C6Y3qb41heSVmSNq8","10.0.2.15","40464","10.0.2.4","80","tcp","http","0.215238","781","3841","SF","-","-","0","ShADadfF","5","1049","5","4109"
"1591933033.602086","CCsLcc2ied2RoYBB42","10.0.2.15","40466","10.0.2.4","80","tcp","http","0.221651","755","3841","SF","-","-","0","ShADadfF","5","1023","5","4109"
"1591933033.677301","ChoHLg4RYOD5VFAF3a","10.0.2.15","40468","10.0.2.4","80","tcp","http","0.208891","764","3841","SF","-","-","0","ShADadfF","5","1032","5","4109"
"1591933033.740197","CplwW93e7gCJV554za","10.0.2.15","40470","10.0.2.4","80","tcp","http","0.191555","793","3841","SF","-","-","0","ShADadfF","5","1061","6","4161"
"1591933033.810105","CFCF8c3XuVJyXe28ld","10.0.2.15","40472","10.0.2.4","80","tcp","http","0.184556","787","3841","SF","-","-","0","ShADadfF","5","1055","5","4109"
"1591933033.866596","C9p6UM8Hi7gCkwli","10.0.2.15","40474","10.0.2.4","80","tcp","http","0.181998","785","3841","SF","-","-","0","ShADadfF","5","1053","5","4109"
"1591933033.921321","Czgwio1TovZmiQnO6","10.0.2.15","40476","10.0.2.4","80","tcp","http","0.190765","770","3841","SF","-","-","0","ShADadfF","6","1090","6","4161"
"1591933033.978503","ChkIdC2731VPVyG1Ad","10.0.2.15","40478","10.0.2.4","80","tcp","http","0.193694","744","3841","SF","-","-","0","ShADadfF","5","1012","6","4161"
"1591933034.031868","CJi4qy36fg5XKE2vYh","10.0.2.15","40480","10.0.2.4","80","tcp","http","0.195346","753","3841","SF","-","-","0","ShADadfF","6","1073","6","4161"
"1591933034.084425","CYbVeH1fYUsxp0kjJ","10.0.2.15","40482","10.0.2.4","80","tcp","http","0.197282","782","3841","SF","-","-","0","ShADadfF","6","1102","6","4161"
"1591933034.150005","CW6QWd2WJExn1COcok","10.0.2.15","40484","10.0.2.4","80","tcp","http","0.180282","776","3841","SF","-","-","0","ShADadfF","5","1044","5","4109"
"1591933034.204021","CzTE9ly5QkpruzdIc","10.0.2.15","40486","10.0.2.4","80","tcp","http","0.172531","774","3841","SF","-","-","0","ShADadfF","5","1042","5","4109"
"1591933034.258072","CLm4CD4PIly3KScUCh","10.0.2.15","40488","10.0.2.4","80","tcp","http","0.171143","852","3841","SF","-","-","0","ShADadfF","6","1172","6","4161"
"1591933034.311756","C9Guj21iHpOWAyCivi","10.0.2.15","40490","10.0.2.4","80","tcp","http","0.164431","826","3841","SF","-","-","0","ShADadfF","5","1094","5","4109"
"1591933034.353967","C2nU1V1AODMhV6RLm","10.0.2.15","40492","10.0.2.4","80","tcp","http","0.177196","835","3841","SF","-","-","0","ShADadfF","5","1103","5","4109"
"1591933034.408008","CKZzkd2mTQdntVgx5c","10.0.2.15","40494","10.0.2.4","80","tcp","http","0.176411","864","3841","SF","-","-","0","ShADadfF","5","1132","5","4109"
"1591933034.462202","CKYqcVOMEXwYP2EA5","10.0.2.15","40496","10.0.2.4","80","tcp","http","0.177029","858","3841","SF","-","-","0","ShADadfF","5","1126","5","4109"
"1591933034.511179","Cz38fS2I56hadlH8n8","10.0.2.15","40498","10.0.2.4","80","tcp","http","0.179031","856","3841","SF","-","-","0","ShADadfF","5","1124","5","4109"
"1591933034.567672","CqwqlU1mFoZu1puxHf","10.0.2.15","40500","10.0.2.4","80","tcp","http","0.184183","667","3841","SF","-","-","0","ShADadfF","5","935","5","4109"
"1591933034.624225","C8QMW83WOW1JhUQQJ5","10.0.2.15","40502","10.0.2.4","80","tcp","http","0.183986","533","3841","SF","-","-","0","ShADadfF","6","853","6","4161"
"1591933034.677991","CHRePk4lFLvpa9AKi9","10.0.2.15","40504","10.0.2.4","80","tcp","http","0.192166","728","3841","SF","-","-","0","ShADadfF","5","996","5","4109"
"1591933034.736740","CZPTq62qISDYQVh0s8","10.0.2.15","40506","10.0.2.4","80","tcp","http","0.195920","708","3841","SF","-","-","0","ShADadfF","5","976","5","4109"
"1591933034.784831","CZehz52niR0Eqef0Ei","10.0.2.15","40508","10.0.2.4","80","tcp","http","0.203086","502","3841","SF","-","-","0","ShADadfF","5","770","5","4109"
"1591933034.860562","ChaNKU1iS8g8ugL9Ui","10.0.2.15","40510","10.0.2.4","80","tcp","http","0.175813","499","3841","SF","-","-","0","ShADadfF","6","819","6","4161"
"1591933034.916969","C7Zb7b3SxrXvv1XcMa","10.0.2.15","40512","10.0.2.4","80","tcp","http","0.164985","505","3841","SF","-","-","0","ShADadfF","5","773","5","4109"
"1591933034.970781","Cdv1cpi2DcLzQDvf6","10.0.2.15","40514","10.0.2.4","80","tcp","http","0.182983","502","3841","SF","-","-","0","ShADadfF","6","822","6","4161"
"1591933035.021000","C7DZil1vfna8vZV3ci","10.0.2.15","40516","10.0.2.4","80","tcp","http","0.190694","505","3841","SF","-","-","0","ShADadfF","5","773","5","4109"
"1591933035.067396","CjxqcM3qmbRGGLEji9","10.0.2.15","40518","10.0.2.4","80","tcp","http","0.194317","463","3841","SF","-","-","0","ShADadfF","5","731","5","4109"
"1591933035.110464","CxC8v81w0XC8cqMlpg","10.0.2.15","40520","10.0.2.4","80","tcp","http","0.196865","460","3841","SF","-","-","0","ShADadfF","5","728","5","4109"
"1591933035.185454","Ck8MJB4JgJ6gPMUWy6","10.0.2.15","40522","10.0.2.4","80","tcp","http","0.167268","466","3841","SF","-","-","0","ShADadfF","5","734","5","4109"
"1591933035.249715","CbP0Yg1SdKUo9i05zi","10.0.2.15","40524","10.0.2.4","80","tcp","http","0.145218","463","3841","SF","-","-","0","ShADadfF","5","731","5","4109"
"1591933035.287343","CCBRdv3OOnOHpOjpVf","10.0.2.15","40526","10.0.2.4","80","tcp","http","0.153742","466","3841","SF","-","-","0","ShADadfF","6","786","6","4161"
"1591933035.341958","Cijrhp4gKcJchlw475","10.0.2.15","40528","10.0.2.4","80","tcp","http","0.148144","472","3841","SF","-","-","0","ShADadfF","5","740","5","4109"
"1591933035.384116","CsD78S2CfHuf9LL881","10.0.2.15","40530","10.0.2.4","80","tcp","http","0.154562","469","3841","SF","-","-","0","ShADadfF","5","737","5","4109"
"1591933035.427306","COqThUAN6JbyJufvi","10.0.2.15","40532","10.0.2.4","80","tcp","http","0.169797","475","3841","SF","-","-","0","ShADadfF","6","795","6","4161"
"1591933035.470321","CJziEj3SUeXUD3V1bk","10.0.2.15","40534","10.0.2.4","80","tcp","http","0.189807","472","3841","SF","-","-","0","ShADadfF","5","740","5","4109"
"1591933035.516148","CYzjqi1cAiBKnK2wa5","10.0.2.15","40536","10.0.2.4","80","tcp","http","0.188627","475","3841","SF","-","-","0","ShADadfF","5","743","5","4109"
"1591933035.570750","CAMKgYujio3axLm6g","10.0.2.15","40538","10.0.2.4","80","tcp","http","0.187582","563","3841","SF","-","-","0","ShADadfF","5","831","5","4109"
"1591933035.634227","CQZS08XDpNOjGpGa4","10.0.2.15","40540","10.0.2.4","80","tcp","http","0.171899","560","3841","SF","-","-","0","ShADadfF","5","828","5","4109"
"1591933035.686901","CjuBYOxc6ff8nxvwe","10.0.2.15","40542","10.0.2.4","80","tcp","http","0.170688","566","3841","SF","-","-","0","ShADadfF","5","834","5","4109"
"1591933035.740641","Cqhv5YwxEHCXhh2aa","10.0.2.15","40544","10.0.2.4","80","tcp","http","0.166370","563","3841","SF","-","-","0","ShADadfF","5","831","5","4109"
"1591933035.784394","CCRCJY17WdTERT2mR6","10.0.2.15","40546","10.0.2.4","80","tcp","http","0.169479","566","3841","SF","-","-","0","ShADadfF","5","834","5","4109"
"1591933035.842656","CX92yg2NFbD451cRv7","10.0.2.15","40548","10.0.2.4","80","tcp","http","0.164573","529","3841","SF","-","-","0","ShADadfF","5","797","5","4109"
"1591933035.888278","C8b9Em4bvcj9PhJbH1","10.0.2.15","40550","10.0.2.4","80","tcp","http","0.171403","502","3841","SF","-","-","0","ShADadfF","5","770","5","4109"
"1591933035.938049","CQkN9D4ginAycytyn2","10.0.2.15","40552","10.0.2.4","80","tcp","http","0.197214","511","3841","SF","-","-","0","ShADadfF","5","779","5","4109"
"1591933035.988904","CjTrPc46Q8ZjhIhqm3","10.0.2.15","40554","10.0.2.4","80","tcp","http","0.203472","541","3841","SF","-","-","0","ShADadfF","6","861","6","4161"
"1591933036.045883","CTRR2x1zk3PrjtFgh","10.0.2.15","40556","10.0.2.4","80","tcp","http","0.200034","535","3841","SF","-","-","0","ShADadfF","5","803","5","4109"
"1591933036.098119","CVmwS1105HzRGq1Txa","10.0.2.15","40558","10.0.2.4","80","tcp","http","0.192772","533","3841","SF","-","-","0","ShADadfF","5","801","5","4109"
"1591933036.176148","CN1e8F2GmAyIDZ5q22","10.0.2.15","40560","10.0.2.4","80","tcp","http","0.172533","517","3841","SF","-","-","0","ShADadfF","6","837","6","4161"
"1591933036.225736","C9GP6c1KqCRIRZcaU9","10.0.2.15","40562","10.0.2.4","80","tcp","http","0.178788","491","3841","SF","-","-","0","ShADadfF","6","811","6","4161"
"1591933036.278824","CKVLxW3LsUvqA7A0p3","10.0.2.15","40564","10.0.2.4","80","tcp","http","0.181595","500","3841","SF","-","-","0","ShADadfF","5","768","5","4109"
"1591933036.323276","CDtIqIu1CfhJL5hXh","10.0.2.15","40566","10.0.2.4","80","tcp","http","0.189564","530","3841","SF","-","-","0","ShADadfF","5","798","5","4109"
"1591933036.385953","CR4Dfw4EqneS9DVsij","10.0.2.15","40568","10.0.2.4","80","tcp","http","0.170247","523","3841","SF","-","-","0","ShADadfF","5","791","5","4109"
"1591933036.448271","C75KI94KUiuro3n8Vk","10.0.2.15","40570","10.0.2.4","80","tcp","http","0.167373","521","3841","SF","-","-","0","ShADadfF","6","841","6","4161"
"1591933036.500940","CGzTqS2VeMv18qnQ2h","10.0.2.15","40572","10.0.2.4","80","tcp","http","0.175801","493","3841","SF","-","-","0","ShADadfF","5","761","5","4109"
"1591933036.544983","CDXxIR3yVzIvlEwfP4","10.0.2.15","40574","10.0.2.4","80","tcp","http","0.189553","467","3841","SF","-","-","0","ShADadfF","6","787","6","4161"
"1591933036.587112","C4zhpk3xgiie4QMLTh","10.0.2.15","40576","10.0.2.4","80","tcp","http","0.205920","476","3841","SF","-","-","0","ShADadfF","6","796","6","4161"
"1591933036.652250","CmEa9ItddumkoHe2k","10.0.2.15","40578","10.0.2.4","80","tcp","http","0.189067","505","3841","SF","-","-","0","ShADadfF","5","773","5","4109"
"1591933036.714064","Cb6MJy11puMJfKxMB7","10.0.2.15","40580","10.0.2.4","80","tcp","http","0.186979","499","3841","SF","-","-","0","ShADadfF","5","767","5","4109"
"1591933036.771083","CL5mz14cslyutHZObg","10.0.2.15","40582","10.0.2.4","80","tcp","http","0.181738","497","3841","SF","-","-","0","ShADadfF","5","765","5","4109"
"1591933036.840846","C69jtm1zln56zkwtCk","10.0.2.15","40584","10.0.2.4","80","tcp","http","0.172770","573","3841","SF","-","-","0","ShADadfF","5","841","5","4109"
"1591933036.884541","CTknIfQhXF9oeHO67","10.0.2.15","40586","10.0.2.4","80","tcp","http","0.176272","547","3841","SF","-","-","0","ShADadfF","5","815","5","4109"
"1591933036.945157","Cy6D9l1MBalHQerCG9","10.0.2.15","40588","10.0.2.4","80","tcp","http","0.181571","556","3841","SF","-","-","0","ShADadfF","5","824","5","4109"
"1591933036.988117","CfQI4R2YqkRDlojQ36","10.0.2.15","40590","10.0.2.4","80","tcp","http","0.202808","585","3841","SF","-","-","0","ShADadfF","6","905","6","4161"
"1591933037.041631","CJLMyd4M2LNS56gdRh","10.0.2.15","40592","10.0.2.4","80","tcp","http","0.220785","579","3841","SF","-","-","0","ShADadfF","5","847","5","4109"
"1591933037.099805","CYhko62Zr7feGtQFgd","10.0.2.15","40594","10.0.2.4","80","tcp","http","0.208664","577","3841","SF","-","-","0","ShADadfF","6","897","6","4161"
"1591933037.181172","C8UBm72cQROWXAcLQ7","10.0.2.15","40596","10.0.2.4","80","tcp","http","0.186612","457","3841","SF","-","-","0","ShADadfF","5","725","5","4109"
"1591933037.261721","C8e9dA3xM7g8PtVSx6","10.0.2.15","40598","10.0.2.4","80","tcp","http","0.175810","460","3841","SF","-","-","0","ShADadfF","5","728","5","4109"
"1591933037.284566","C9hijm4VE3wZ9aiNRe","10.0.2.15","40600","10.0.2.4","80","tcp","http","0.227241","470","3841","SF","-","-","0","ShADadfF","5","738","6","4161"
"1591933037.350576","C9RftC2areXeG1QMY2","10.0.2.15","40602","10.0.2.4","80","tcp","http","0.224410","477","3841","SF","-","-","0","ShADadfF","5","745","5","4109"
"1591933037.420701","CE6TBy3H7e1Fcr0Y4","10.0.2.15","40604","10.0.2.4","80","tcp","http","0.272178","484","3841","SF","-","-","0","ShADadfF","5","752","5","4109"
"1591933037.511245","CowAvd4gZucZrp96jg","10.0.2.15","40606","10.0.2.4","80","tcp","http","0.237411","491","3841","SF","-","-","0","ShADadfF","5","759","5","4109"
"1591933037.557810","CAlmoD4QltO0jxZWib","10.0.2.15","40608","10.0.2.4","80","tcp","http","0.243567","498","3841","SF","-","-","0","ShADadfF","6","818","6","4161"
"1591933037.676937","CnbEiX3Za9iebDVOJa","10.0.2.15","40610","10.0.2.4","80","tcp","http","0.175779","505","3841","SF","-","-","0","ShADadfF","5","773","5","4109"
"1591933037.748091","C9rsIOaKN40FRbHY2","10.0.2.15","40612","10.0.2.4","80","tcp","http","0.158614","512","3841","SF","-","-","0","ShADadfF","5","780","5","4109"
"1591933037.790204","CiC0DE1eyRPNOTYQJl","10.0.2.15","40614","10.0.2.4","80","tcp","http","0.170116","519","3841","SF","-","-","0","ShADadfF","6","839","6","4161"
"1591933037.843876","CoLiiupEMcj5PmWcj","10.0.2.15","40616","10.0.2.4","80","tcp","http","0.169336","526","3841","SF","-","-","0","ShADadfF","5","794","5","4109"
"1591933037.887702","CNdzS24jNktoXvXyD8","10.0.2.15","40618","10.0.2.4","80","tcp","http","0.182064","534","3841","SF","-","-","0","ShADadfF","5","802","5","4109"
"1591933037.942824","CEvGhB1IslZnPHXPac","10.0.2.15","40620","10.0.2.4","80","tcp","http","0.196553","454","3841","SF","-","-","0","ShADadfF","5","722","5","4109"
"1591933037.996570","CwunRD2fT2MR2mmvI4","10.0.2.15","40622","10.0.2.4","80","tcp","http","0.250752","457","3841","SF","-","-","0","ShADadfF","5","725","5","4109"
"1591933038.050162","CZWBNk42PWQLagg3V6","10.0.2.15","40624","10.0.2.4","80","tcp","http","0.255270","467","3841","SF","-","-","0","ShADadfF","5","735","5","4109"
"1591933038.103771","C56rlW1tVCoYRWUOmg","10.0.2.15","40626","10.0.2.4","80","tcp","http","0.260172","474","3841","SF","-","-","0","ShADadfF","5","742","5","4109"
"1591933038.208293","Cmytop4BPEBPZtVX38","10.0.2.15","40628","10.0.2.4","80","tcp","http","0.213790","481","3841","SF","-","-","0","ShADadfF","5","749","5","4109"
"1591933038.286187","CdrbYZpDbu3xI9e3g","10.0.2.15","40630","10.0.2.4","80","tcp","http","0.190435","488","3841","SF","-","-","0","ShADadfF","5","756","5","4109"
"1591933038.349468","CpPIoX3gn8jlm1Iih","10.0.2.15","40632","10.0.2.4","80","tcp","http","0.190263","495","3841","SF","-","-","0","ShADadfF","5","763","5","4109"
"1591933038.397979","CbciHBrQx27lwx0X9","10.0.2.15","40634","10.0.2.4","80","tcp","http","0.194989","502","3841","SF","-","-","0","ShADadfF","6","822","6","4161"
"1591933038.457497","Ck784G350sqmolaYmd","10.0.2.15","40636","10.0.2.4","80","tcp","http","0.199243","509","3841","SF","-","-","0","ShADadfF","5","777","5","4109"
"1591933038.519418","Cjyx1Y3uPKGfUbGqQc","10.0.2.15","40638","10.0.2.4","80","tcp","http","0.208837","516","3841","SF","-","-","0","ShADadfF","5","784","5","4109"
"1591933038.583416","C1Inz32AlYVkpH5Hu9","10.0.2.15","40640","10.0.2.4","80","tcp","http","0.199223","523","3841","SF","-","-","0","ShADadfF","6","843","6","4161"
"1591933038.630664","CVaNqhwOY9f7nMGu7","10.0.2.15","40642","10.0.2.4","80","tcp","http","0.212597","531","3841","SF","-","-","0","ShADadfF","5","799","5","4109"
"1591933038.702659","C2xQ6D2COj03RCUDXd","10.0.2.15","40644","10.0.2.4","80","tcp","http","0.202721","454","3841","SF","-","-","0","ShADadfF","5","722","5","4109"
"1591933038.762321","C2tcf516wNjeCa6ITl","10.0.2.15","40646","10.0.2.4","80","tcp","http","0.206759","457","3841","SF","-","-","0","ShADadfF","5","725","5","4109"
"1591933038.831456","CIuMrt1tAhY3CusPz4","10.0.2.15","40648","10.0.2.4","80","tcp","http","0.194366","467","3841","SF","-","-","0","ShADadfF","5","735","6","4161"
"1591933038.880540","CNQCg63JbiS2fn50hl","10.0.2.15","40650","10.0.2.4","80","tcp","http","0.206529","474","3841","SF","-","-","0","ShADadfF","5","742","6","4161"
"1591933038.954023","C6hf3k4BMbjO3EzFb","10.0.2.15","40652","10.0.2.4","80","tcp","http","0.200919","481","3841","SF","-","-","0","ShADadfF","5","749","5","4109"
"1591933039.006721","CwFl3lvIkKXO5G3ub","10.0.2.15","40654","10.0.2.4","80","tcp","http","0.208069","488","3841","SF","-","-","0","ShADadfF","5","756","5","4109"
"1591933039.067846","CLKR3o2kfEbjmDR9X6","10.0.2.15","40656","10.0.2.4","80","tcp","http","0.221686","495","3841","SF","-","-","0","ShADadfF","6","815","6","4161"
"1591933039.128462","CFtRo047l28FQ2ZoHa","10.0.2.15","40658","10.0.2.4","80","tcp","http","0.221032","502","3841","SF","-","-","0","ShADadfF","5","770","5","4109"
"1591933039.189988","C5m5OO2q2leBHu81Qg","10.0.2.15","40660","10.0.2.4","80","tcp","http","0.218304","509","3841","SF","-","-","0","ShADadfF","5","777","5","4109"
"1591933039.259568","CZpHm73RiI7N4WD3b5","10.0.2.15","40662","10.0.2.4","80","tcp","http","0.203235","516","3841","SF","-","-","0","ShADadfF","5","784","5","4109"
"1591933039.327114","CFUNLS29PS52Q6UEch","10.0.2.15","40664","10.0.2.4","80","tcp","http","0.190942","523","3841","SF","-","-","0","ShADadfF","5","791","5","4109"
"1591933039.385461","Cav21PLAkTFxmMIM5","10.0.2.15","40666","10.0.2.4","80","tcp","http","0.191549","531","3841","SF","-","-","0","ShADadfF","5","799","5","4109"
"1591933039.449917","C3H6Dv2K35qou6fvKc","10.0.2.15","40668","10.0.2.4","80","tcp","http","0.214152","460","3841","SF","-","-","0","ShADadfF","5","728","5","4109"
"1591933039.497732","Cvh0b04QdOZLGXHXm2","10.0.2.15","40670","10.0.2.4","80","tcp","http","0.230171","463","3841","SF","-","-","0","ShADadfF","5","731","6","4161"
"1591933039.561842","CTtfASZpOLhLUi5Dj","10.0.2.15","40672","10.0.2.4","80","tcp","http","0.233506","473","3841","SF","-","-","0","ShADadfF","5","741","5","4109"
"1591933039.623846","CpXsoo1RUFv03SlTRc","10.0.2.15","40674","10.0.2.4","80","tcp","http","0.228956","480","3841","SF","-","-","0","ShADadfF","5","748","5","4109"
"1591933039.707193","CTZA3Y3NLtjP3xOip","10.0.2.15","40676","10.0.2.4","80","tcp","http","0.216168","487","3841","SF","-","-","0","ShADadfF","6","807","6","4161"
"1591933039.770318","C400cF4XuTW1ddZ0hb","10.0.2.15","40678","10.0.2.4","80","tcp","http","0.234992","494","3841","SF","-","-","0","ShADadfF","6","814","6","4161"
"1591933039.829255","CacCE2LhX7yWjATyd","10.0.2.15","40680","10.0.2.4","80","tcp","http","0.245714","501","3841","SF","-","-","0","ShADadfF","5","769","6","4161"
"1591933039.898030","C2o0yY1RyKiVsOQqFg","10.0.2.15","40682","10.0.2.4","80","tcp","http","0.302833","508","3841","SF","-","-","0","ShADadfF","5","776","5","4109"
"1591933039.980830","CDw1Rf34zpYw9hGXD1","10.0.2.15","40684","10.0.2.4","80","tcp","http","0.302845","515","3841","SF","-","-","0","ShADadfF","5","783","5","4109"
"1591933040.059891","C10ofy25ZXfnPNgoV6","10.0.2.15","40686","10.0.2.4","80","tcp","http","0.290171","522","3841","SF","-","-","0","ShADadfF","5","790","5","4109"
"1591933040.137866","C8fnJ64I26PYdkf9re","10.0.2.15","40688","10.0.2.4","80","tcp","http","0.272668","530","3841","SF","-","-","0","ShADadfF","5","798","5","4109"
"1591933040.256187","CbQDdZo73sRbkKQcg","10.0.2.15","40690","10.0.2.4","80","tcp","http","0.214512","537","3841","SF","-","-","0","ShADadfF","5","805","6","4161"
"1591933040.329763","CoqPJK2ghCEdlkles2","10.0.2.15","40692","10.0.2.4","80","tcp","http","0.206817","457","3841","SF","-","-","0","ShADadfF","5","725","5","4109"
"1591933040.396767","CzzBCK3AXPTZRvrGtj","10.0.2.15","40694","10.0.2.4","80","tcp","http","0.209368","460","3841","SF","-","-","0","ShADadfF","5","728","6","4161"
"1591933040.454394","C4aVGe3wktDuZW6Yfk","10.0.2.15","40696","10.0.2.4","80","tcp","http","0.224056","470","3841","SF","-","-","0","ShADadfF","5","738","5","4109"
"1591933040.513921","ChUl5q3MmxtOcooD99","10.0.2.15","40698","10.0.2.4","80","tcp","http","0.239483","477","3841","SF","-","-","0","ShADadfF","5","745","5","4109"
"1591933040.589311","CXX63b4LDmkeXm6hYl","10.0.2.15","40700","10.0.2.4","80","tcp","http","0.227555","484","3841","SF","-","-","0","ShADadfF","5","752","5","4109"
"1591933040.650490","CFJEDj10YNfIg26ULa","10.0.2.15","40702","10.0.2.4","80","tcp","http","0.249052","491","3841","SF","-","-","0","ShADadfF","5","759","5","4109"
"1591933040.738356","CzJIWr1gGhT4fcxQTd","10.0.2.15","40704","10.0.2.4","80","tcp","http","0.227557","498","3841","SF","-","-","0","ShADadfF","5","766","5","4109"
"1591933040.800947","CthzXOy2fziNkUazl","10.0.2.15","40706","10.0.2.4","80","tcp","http","0.224781","505","3841","SF","-","-","0","ShADadfF","5","773","5","4109"
"1591933040.886868","CgZi6r4QZt2UZk0IW9","10.0.2.15","40708","10.0.2.4","80","tcp","http","0.217239","512","3841","SF","-","-","0","ShADadfF","5","780","5","4109"
"1591933040.952199","CRmzuz3nH8grQFmcjb","10.0.2.15","40710","10.0.2.4","80","tcp","http","0.221652","519","3841","SF","-","-","0","ShADadfF","5","787","5","4109"
"1591933041.004879","CKrBAs0cOSYynamG9","10.0.2.15","40712","10.0.2.4","80","tcp","http","0.275135","526","3841","SF","-","-","0","ShADadfF","5","794","5","4109"
"1591933041.079811","CuBeEj1H35XQVMwwza","10.0.2.15","40714","10.0.2.4","80","tcp","http","0.296629","534","3841","SF","-","-","0","ShADadfF","5","802","5","4109"
"1591933041.142399","COsuxY2DvH7xCSgkVl","10.0.2.15","40716","10.0.2.4","80","tcp","http","0.294742","460","3841","SF","-","-","0","ShADadfF","6","780","6","4161"
"1591933041.228639","CzNzOQ2MXKcAGuffL9","10.0.2.15","40718","10.0.2.4","80","tcp","http","0.269293","463","3841","SF","-","-","0","ShADadfF","5","731","5","4109"
"1591933041.359087","Cc2pKW2j0LqJks8kld","10.0.2.15","40720","10.0.2.4","80","tcp","http","0.225418","473","3841","SF","-","-","0","ShADadfF","5","741","5","4109"
"1591933041.422566","CVZvlk13JBYyhmS8U","10.0.2.15","40722","10.0.2.4","80","tcp","http","0.249848","480","3841","SF","-","-","0","ShADadfF","5","748","5","4109"
"1591933041.477023","CNxfJy1Tby6O1EQaw4","10.0.2.15","40724","10.0.2.4","80","tcp","http","0.261857","487","3841","SF","-","-","0","ShADadfF","5","755","5","4109"
"1591933041.561687","CTb1tn22vG2GUzxgs4","10.0.2.15","40726","10.0.2.4","80","tcp","http","0.234368","494","3841","SF","-","-","0","ShADadfF","5","762","5","4109"
"1591933041.637924","C1EPY72C36OyDBVRQj","10.0.2.15","40728","10.0.2.4","80","tcp","http","0.212829","501","3841","SF","-","-","0","ShADadfF","5","769","5","4109"
"1591933041.726242","CVCdOV34j04vuyLO39","10.0.2.15","40730","10.0.2.4","80","tcp","http","0.193061","508","3841","SF","-","-","0","ShADadfF","5","776","5","4109"
"1591933041.781349","CJWaZizjcdM2A6Kxb","10.0.2.15","40732","10.0.2.4","80","tcp","http","0.203519","515","3841","SF","-","-","0","ShADadfF","5","783","5","4109"
"1591933041.834139","C03k3xSA7U2OwozU2","10.0.2.15","40734","10.0.2.4","80","tcp","http","0.204069","522","3841","SF","-","-","0","ShADadfF","5","790","5","4109"
"1591933041.887834","CQ4njY2RtZyYWs4nq5","10.0.2.15","40736","10.0.2.4","80","tcp","http","0.207335","530","3841","SF","-","-","0","ShADadfF","5","798","5","4109"
"1591933041.966682","Ckwpyo3srsfCgiYAl4","10.0.2.15","40738","10.0.2.4","80","tcp","http","0.241477","537","3841","SF","-","-","0","ShADadfF","5","805","5","4109"
"1591933042.019497","CNXfu113UJ1MR9PFnd","10.0.2.15","40740","10.0.2.4","80","tcp","http","0.282471","454","3841","SF","-","-","0","ShADadfF","6","774","6","4161"
"1591933042.072240","CDdMXWslzxTrRXAZj","10.0.2.15","40742","10.0.2.4","80","tcp","http","0.303549","457","3841","SF","-","-","0","ShADadfF","5","725","5","4109"
"1591933042.151354","CJiZTZ3XrEH5L4GpZ1","10.0.2.15","40744","10.0.2.4","80","tcp","http","0.341810","467","3841","SF","-","-","0","ShADadfF","5","735","5","4109"
"1591933042.292414","COg0pB1vmlldWN2kye","10.0.2.15","40746","10.0.2.4","80","tcp","http","0.273680","474","3841","SF","-","-","0","ShADadfF","5","742","5","4109"
"1591933042.357409","CcINmD218FXpizvxOf","10.0.2.15","40748","10.0.2.4","80","tcp","http","0.273925","481","3841","SF","-","-","0","ShADadfF","5","749","5","4109"
"1591933042.473327","CvUCJN35UMASE6mAXj","10.0.2.15","40750","10.0.2.4","80","tcp","http","0.222366","488","3841","SF","-","-","0","ShADadfF","5","756","5","4109"
"1591933042.549646","CEVdPC37dF6ThtKuk2","10.0.2.15","40752","10.0.2.4","80","tcp","http","0.205899","495","3841","SF","-","-","0","ShADadfF","6","815","6","4161"
"1591933042.615000","CxEcsa2ZlSdTTw1rxh","10.0.2.15","40754","10.0.2.4","80","tcp","http","0.217775","502","3841","SF","-","-","0","ShADadfF","5","770","5","4109"
"1591933042.667673","CLz6d44CGiStMQsHs3","10.0.2.15","40756","10.0.2.4","80","tcp","http","0.224825","509","3841","SF","-","-","0","ShADadfF","6","829","6","4161"
"1591933042.742812","Cs4gKs27gQfQ9gaQkj","10.0.2.15","40758","10.0.2.4","80","tcp","http","0.211722","516","3841","SF","-","-","0","ShADadfF","5","784","5","4109"
"1591933042.815037","Cjxa3P2QNS8kP60VX","10.0.2.15","40760","10.0.2.4","80","tcp","http","0.209844","523","3841","SF","-","-","0","ShADadfF","5","791","5","4109"
"1591933042.866946","CTGSq74EhsMUTx3gce","10.0.2.15","40762","10.0.2.4","80","tcp","http","0.221151","531","3841","SF","-","-","0","ShADadfF","5","799","5","4109"
"1591933042.933063","CgVedW1pxgOm214mWg","10.0.2.15","40764","10.0.2.4","80","tcp","http","0.214483","451","3841","SF","-","-","0","ShADadfF","5","719","5","4109"
"1591933042.997606","CaPd232wSlPKBmDBI","10.0.2.15","40766","10.0.2.4","80","tcp","http","0.232691","454","3841","SF","-","-","0","ShADadfF","5","722","5","4109"
"1591933043.075580","CbSBlsSGwxEwUExQ5","10.0.2.15","40768","10.0.2.4","80","tcp","http","0.224003","464","3841","SF","-","-","0","ShADadfF","5","732","5","4109"
"1591933043.129298","Ctdugl37tCU1ztwuW8","10.0.2.15","40770","10.0.2.4","80","tcp","http","0.225570","471","3841","SF","-","-","0","ShADadfF","5","739","5","4109"
"1591933043.191820","CAssaT6ESm2c1Inkk","10.0.2.15","40772","10.0.2.4","80","tcp","http","0.234015","478","3841","SF","-","-","0","ShADadfF","5","746","5","4109"
"1591933043.272760","CUelDc2DxaCCrVutWa","10.0.2.15","40774","10.0.2.4","80","tcp","http","0.214715","485","3841","SF","-","-","0","ShADadfF","5","753","5","4109"
"1591933043.337156","C881Wc10JeOyJyirK2","10.0.2.15","40776","10.0.2.4","80","tcp","http","0.223939","492","3841","SF","-","-","0","ShADadfF","5","760","5","4109"
"1591933043.404498","CpODnxj4VynPLLFU8","10.0.2.15","40778","10.0.2.4","80","tcp","http","0.230649","499","3841","SF","-","-","0","ShADadfF","5","767","5","4109"
"1591933043.471842","CcyRQI1L7PUHbUwJP6","10.0.2.15","40780","10.0.2.4","80","tcp","http","0.228219","506","3841","SF","-","-","0","ShADadfF","6","826","6","4161"
"1591933043.535306","CPSJ8M3NyJi6yzoFj1","10.0.2.15","40782","10.0.2.4","80","tcp","http","0.242268","513","3841","SF","-","-","0","ShADadfF","5","781","5","4109"
"1591933043.607587","C8Bprb15InHIOvVh05","10.0.2.15","40784","10.0.2.4","80","tcp","http","0.235611","520","3841","SF","-","-","0","ShADadfF","5","788","5","4109"
"1591933043.677782","C2PBWk2pU0GMQB0n29","10.0.2.15","40786","10.0.2.4","80","tcp","http","0.243476","527","3841","SF","-","-","0","ShADadfF","5","795","5","4109"
"1591933043.754489","CV6d3K2mTGq0nBWpll","10.0.2.15","40788","10.0.2.4","80","tcp","http","0.238825","451","3841","SF","-","-","0","ShADadfF","5","719","5","4109"
"1591933043.819728","C16jUWjIPjQTZFYT1","10.0.2.15","40790","10.0.2.4","80","tcp","http","0.235691","454","3841","SF","-","-","0","ShADadfF","5","722","5","4109"
"1591933043.877336","CezR2b2gA2dC8WB4n8","10.0.2.15","40792","10.0.2.4","80","tcp","http","0.264590","464","3841","SF","-","-","0","ShADadfF","5","732","5","4109"
"1591933043.974481","CRyA0t4zryfp5ZxXT3","10.0.2.15","40794","10.0.2.4","80","tcp","http","0.233681","471","3841","SF","-","-","0","ShADadfF","6","791","6","4161"
"1591933044.032731","CWxzu62JNIkvZasIQ9","10.0.2.15","40796","10.0.2.4","80","tcp","http","0.267937","478","3841","SF","-","-","0","ShADadfF","6","798","6","4161"
"1591933044.122908","C8xZEj2Gi6JcdiqAF7","10.0.2.15","40798","10.0.2.4","80","tcp","http","0.267173","485","3841","SF","-","-","0","ShADadfF","6","805","6","4161"
"1591933044.193067","CYnBdU3qilIdRhJSI6","10.0.2.15","40800","10.0.2.4","80","tcp","http","0.261135","492","3841","SF","-","-","0","ShADadfF","5","760","5","4109"
"1591933044.262740","CQtRDE15ASrEdENbY1","10.0.2.15","40802","10.0.2.4","80","tcp","http","0.252915","499","3841","SF","-","-","0","ShADadfF","5","767","5","4109"
"1591933044.369942","CxAIPr2aVCObptUI54","10.0.2.15","40804","10.0.2.4","80","tcp","http","0.201809","506","3841","SF","-","-","0","ShADadfF","5","774","5","4109"
"1591933044.424404","Cq3S8D2rJOfTkASQVd","10.0.2.15","40806","10.0.2.4","80","tcp","http","0.205983","513","3841","SF","-","-","0","ShADadfF","5","781","5","4109"
"1591933044.502479","CdLxWd3sRJmqlGQ4ek","10.0.2.15","40808","10.0.2.4","80","tcp","http","0.196058","520","3841","SF","-","-","0","ShADadfF","5","788","5","4109"
"1591933044.561042","CBduzP2LAopD1bnqL1","10.0.2.15","40810","10.0.2.4","80","tcp","http","0.243673","527","3841","SF","-","-","0","ShADadfF","5","795","5","4109"
"1591933044.616135","CPFMnS3RdqbilSo5Q9","10.0.2.15","40812","10.0.2.4","80","tcp","http","0.247288","457","3841","SF","-","-","0","ShADadfF","5","725","5","4109"
"1591933044.666327","C2fcJ63otXAzeV31P9","10.0.2.15","40814","10.0.2.4","80","tcp","http","0.262747","460","3841","SF","-","-","0","ShADadfF","5","728","6","4161"
"1591933044.754076","CAEKSF4ldsCdALNPaa","10.0.2.15","40816","10.0.2.4","80","tcp","http","0.232362","470","3841","SF","-","-","0","ShADadfF","5","738","5","4109"
"1591933044.849242","CnqhRl279gh0ja8RZ1","10.0.2.15","40818","10.0.2.4","80","tcp","http","0.216516","477","3841","SF","-","-","0","ShADadfF","5","745","5","4109"
"1591933044.908647","C2Vdk70AlUERUqcVk","10.0.2.15","40820","10.0.2.4","80","tcp","http","0.210000","484","3841","SF","-","-","0","ShADadfF","5","752","5","4109"
"1591933044.966441","CKsvJi4Wlg124SXEI3","10.0.2.15","40822","10.0.2.4","80","tcp","http","0.218142","491","3841","SF","-","-","0","ShADadfF","6","811","6","4161"
"1591933045.043576","CmXr6BLwdiHB1iCM7","10.0.2.15","40824","10.0.2.4","80","tcp","http","0.215583","498","3841","SF","-","-","0","ShADadfF","5","766","5","4109"
"1591933045.099501","C6ZlRV21JEMpv2qSU4","10.0.2.15","40826","10.0.2.4","80","tcp","http","0.248863","505","3841","SF","-","-","0","ShADadfF","5","773","5","4109"
"1591933045.161635","CV6iBr4VTFz0qQAyTl","10.0.2.15","40828","10.0.2.4","80","tcp","http","0.244630","512","3841","SF","-","-","0","ShADadfF","5","780","6","4161"
"1591933045.239199","CrXCEJ2jiNC8zf4EH2","10.0.2.15","40830","10.0.2.4","80","tcp","http","0.220868","519","3841","SF","-","-","0","ShADadfF","5","787","5","4109"
"1591933045.326263","C113Xn1cYdrj2dtgKl","10.0.2.15","40832","10.0.2.4","80","tcp","http","0.192147","526","3841","SF","-","-","0","ShADadfF","5","794","5","4109"
"1591933045.381616","C1UPF23ce7vQw6Utdg","10.0.2.15","40834","10.0.2.4","80","tcp","http","0.195154","534","3841","SF","-","-","0","ShADadfF","5","802","5","4109"
"1591933045.440678","CBsO981kMLEC8Vw478","10.0.2.15","40836","10.0.2.4","80","tcp","http","0.196023","454","3841","SF","-","-","0","ShADadfF","5","722","5","4109"
"1591933045.507122","C3F44e2NAaxnVpkHxj","10.0.2.15","40838","10.0.2.4","80","tcp","http","0.198153","457","3841","SF","-","-","0","ShADadfF","5","725","5","4109"
"1591933045.552102","Cc8pAr2qJ4QTlcBONe","10.0.2.15","40840","10.0.2.4","80","tcp","http","0.225455","467","3841","SF","-","-","0","ShADadfF","5","735","5","4109"
"1591933045.613075","CeJUuZ1C4HJON6MUC4","10.0.2.15","40842","10.0.2.4","80","tcp","http","0.226150","474","3841","SF","-","-","0","ShADadfF","5","742","5","4109"
"1591933045.676896","C7X5Hj2I7RYJ7x21aj","10.0.2.15","40844","10.0.2.4","80","tcp","http","0.222126","481","3841","SF","-","-","0","ShADadfF","5","749","5","4109"
"1591933045.753353","C2ldVq3EATVpO2P2gl","10.0.2.15","40846","10.0.2.4","80","tcp","http","0.216758","488","3841","SF","-","-","0","ShADadfF","5","756","5","4109"
"1591933045.816733","CpevvKdQ5mTwtC4ld","10.0.2.15","40848","10.0.2.4","80","tcp","http","0.210564","495","3841","SF","-","-","0","ShADadfF","5","763","5","4109"
"1591933045.891798","CDigRQ3b5CylD8fBR2","10.0.2.15","40850","10.0.2.4","80","tcp","http","0.192122","502","3841","SF","-","-","0","ShADadfF","5","770","5","4109"
"1591933045.969417","CDejeViMOpxzNQt0b","10.0.2.15","40852","10.0.2.4","80","tcp","http","0.166586","509","3841","SF","-","-","0","ShADadfF","5","777","5","4109"
"1591933046.003965","CNTuAf3x31JU6lJail","10.0.2.15","40854","10.0.2.4","80","tcp","http","0.185715","516","3841","SF","-","-","0","ShADadfF","5","784","5","4109"
"1591933046.060671","CUmIFT3nswIJN5LQc9","10.0.2.15","40856","10.0.2.4","80","tcp","http","0.196027","523","3841","SF","-","-","0","ShADadfF","6","843","6","4161"
"1591933046.126644","CJgkggnD3bgmEEC6l","10.0.2.15","40858","10.0.2.4","80","tcp","http","0.197600","531","3841","SF","-","-","0","ShADadfF","5","799","5","4109"
"1591933046.170838","CYBKX31Vt1Mb1Zo3Wl","10.0.2.15","40860","10.0.2.4","80","tcp","http","0.212421","457","3841","SF","-","-","0","ShADadfF","5","725","5","4109"
"1591933046.233665","CFsHFv1bA1n8AcAdL4","10.0.2.15","40862","10.0.2.4","80","tcp","http","0.214006","460","3841","SF","-","-","0","ShADadfF","5","728","5","4109"
"1591933046.304094","C7Xob34MesYV6CmMZ","10.0.2.15","40864","10.0.2.4","80","tcp","http","0.208616","470","3841","SF","-","-","0","ShADadfF","5","738","5","4109"
"1591933046.359144","C9CyyTr3WMz1WvYg1","10.0.2.15","40866","10.0.2.4","80","tcp","http","0.216698","477","3841","SF","-","-","0","ShADadfF","5","745","5","4109"
"1591933046.422892","Cal8bv27xznFWLwPk4","10.0.2.15","40868","10.0.2.4","80","tcp","http","0.208017","484","3841","SF","-","-","0","ShADadfF","5","752","5","4109"
"1591933046.493487","CacZ2k13yGdji1Qsia","10.0.2.15","40870","10.0.2.4","80","tcp","http","0.197990","491","3841","SF","-","-","0","ShADadfF","5","759","5","4109"
"1591933046.555849","Cnjhbw2AhUqiSQMAOb","10.0.2.15","40872","10.0.2.4","80","tcp","http","0.200095","498","3841","SF","-","-","0","ShADadfF","5","766","5","4109"
"1591933046.611138","Cm1c2LqUnHj5op7Cf","10.0.2.15","40874","10.0.2.4","80","tcp","http","0.207323","505","3841","SF","-","-","0","ShADadfF","5","773","5","4109"
"1591933046.676339","CbYg9K1qwCtyolpicg","10.0.2.15","40876","10.0.2.4","80","tcp","http","0.198426","512","3841","SF","-","-","0","ShADadfF","5","780","5","4109"
"1591933046.726590","CrX2lC3jKaDif94FXg","10.0.2.15","40878","10.0.2.4","80","tcp","http","0.206489","519","3841","SF","-","-","0","ShADadfF","5","787","5","4109"
"1591933046.801271","CG817r11fzYqnPsEN1","10.0.2.15","40880","10.0.2.4","80","tcp","http","0.188544","526","3841","SF","-","-","0","ShADadfF","5","794","5","4109"
"1591933046.855853","CKV3mM2WrCB7ihnNxf","10.0.2.15","40882","10.0.2.4","80","tcp","http","0.190722","534","3841","SF","-","-","0","ShADadfF","5","802","5","4109"
"1591933046.908937","CW63OO3BLhNhaH9yW9","10.0.2.15","40884","10.0.2.4","80","tcp","-","0.202338","0","0","SF","-","-","0","ShAFf","4","216","2","112"
"1591933046.973942","CjdrPqmCcfz2UIHRb","10.0.2.15","40886","10.0.2.4","80","tcp","-","0.137241","0","0","SF","-","-","0","ShAFf","4","216","2","112"
"1591933047.025886","CvslqlvaoWP9NuF79","10.0.2.15","40888","10.0.2.4","80","tcp","-","0.085377","0","0","SF","-","-","0","ShAFf","4","216","2","112"
"1591933058.465348","CZTkas2hYCD7Wk41oj","10.0.2.15","8","10.0.2.4","0","icmp","-","4.002383","280","280","OTH","-","-","0","-","5","420","5","420"
"1591933071.725465","CH2Jm91TgBc511a9h","10.0.2.15","40892","10.0.2.4","80","tcp","http","7.820155","650","7755","SF","-","-","0","ShADadfF","7","1022","6","8075"