"ts","fuid","tx_hosts","rx_hosts","conn_uids","source","depth","analyzers","mime_type","filename","duration","local_orig","is_orig","seen_bytes","total_bytes","missing_bytes","overflow_bytes","timedout","parent_fuid","md5","sha1","sha256","extracted","extracted_cutoff","extracted_size"
"1591933030.709960","F5URZb10BlVFiiQeEa","10.0.2.15","10.0.2.4","CGlCGX24x2ddR0V0c1","HTTP","0","(empty)","-","-","0.000000","-","T","3","3","0","0","F","-","-","-","-","-","-"
"1591933030.731743","FGcmPS3BphJsGiqEhb","10.0.2.4","10.0.2.15","CGlCGX24x2ddR0V0c1","HTTP","0","(empty)","text/html","-","0.000000","-","F","10908","-","0","0","F","-","-","-","-","-","-"
"1591933031.718262","FSw0Ti4U8QlUWbaKOk","10.0.2.15","10.0.2.4","C26nVX2tI2iy7fMFRj","HTTP","0","(empty)","-","-","0.000000","-","T","3","3","0","0","F","-","-","-","-","-","-"
"1591933031.741596","Fwh4Gc4xGJZCtKXYm6","10.0.2.4","10.0.2.15","C26nVX2tI2iy7fMFRj","HTTP","0","(empty)","text/html","-","0.000273","-","F","10908","-","0","0","F","-","-","-","-","-","-"
"1591933031.819664","F7iayG6Ijsz7kECy5","10.0.2.15","10.0.2.4","Czpnuxot0n86dkVL7","HTTP","0","(empty)","-","-","0.000000","-","T","6","6","0","0","F","-","-","-","-","-","-"
"1591933031.840687","FlMlTI2ZDlplmOc8R5","10.0.2.4","10.0.2.15","Czpnuxot0n86dkVL7","HTTP","0","(empty)","text/html","-","0.000220","-","F","10908","-","0","0","F","-","-","-","-","-","-"
"1591933031.891400","FhGDXY2wzfhmiA0P","10.0.2.15","10.0.2.4","COIwK437YHdTHcVfv3","HTTP","0","(empty)","text/plain","-","0.000000","-","T","29","29","0","0","F","-","-","-","-","-","-"
"1591933031.918405","Fczuu046Rhzi84ZNP8","10.0.2.4","10.0.2.15","COIwK437YHdTHcVfv3","HTTP","0","(empty)","text/html","-","0.000232","-","F","10908","-","0","0","F","-","-","-","-","-","-"
"1591933031.953519","FkJ10z3wUSpF4Z6B66","10.0.2.15","10.0.2.4","CNZhOU3YQAv7KLWLSe","HTTP","0","(empty)","text/plain","-","0.000000","-","T","30","30","0","0","F","-","-","-","-","-","-"
"1591933031.974676","FoulQ226HRlmyWfsA8","10.0.2.4","10.0.2.15","CNZhOU3YQAv7KLWLSe","HTTP","0","(empty)","text/html","-","0.000193","-","F","10908","-","0","0","F","-","-","-","-","-","-"
"1591933032.495048","FV9fcv3pINdPe6E7Re","10.0.2.15","10.0.2.4","CoyruN02jpjkXhEJ6","HTTP","0","(empty)","text/plain","-","0.000000","-","T","49","49","0","0","F","-","-","-","-","-","-"
"1591933032.519631","FHxm2Qm9bCwDVuyAj","10.0.2.4","10.0.2.15","CoyruN02jpjkXhEJ6","HTTP","0","(empty)","text/html","-","0.000111","-","F","10908","-","0","0","F","-","-","-","-","-","-"
"1591933032.561899","F14NP646ZLOcJdqR54","10.0.2.15","10.0.2.4","CDQT7W2URKlpcGPSwa","HTTP","0","(empty)","text/plain","-","0.000000","-","T","49","49","0","0","F","-","-","-","-","-","-"
"1591933032.589454","FGoATA2F3SL8XBDY54","10.0.2.4","10.0.2.15","CDQT7W2URKlpcGPSwa","HTTP","0","(empty)","text/html","-","0.000114","-","F","10908","-","0","0","F","-","-","-","-","-","-"
"1591933032.639644","FRBxsZ3JBSURkgiNhh","10.0.2.15","10.0.2.4","CpeljI3A01ajpnkf25","HTTP","0","(empty)","text/plain","-","0.000000","-","T","23","23","0","0","F","-","-","-","-","-","-"
"1591933032.668581","FuwzUH2FM204nOfqwe","10.0.2.4","10.0.2.15","CpeljI3A01ajpnkf25","HTTP","0","(empty)","text/html","-","0.000206","-","F","10908","-","0","0","F","-","-","-","-","-","-"
"1591933032.703411","FsDLNgRC5qhiQ00Hg","10.0.2.15","10.0.2.4","CwfCAA4D5gp4gdmPOg","HTTP","0","(empty)","text/plain","-","0.000000","-","T","23","23","0","0","F","-","-","-","-","-","-"
"1591933032.725761","FZpdwBwj5OCJd4vuk","10.0.2.4","10.0.2.15","CwfCAA4D5gp4gdmPOg","HTTP","0","(empty)","text/html","-","0.000180","-","F","10908","-","0","0","F","-","-","-","-","-","-"
"1591933032.762619","FdROaq28fic3UpCKf5","10.0.2.15","10.0.2.4","CeYiHO1TOMOEGAXNb1","HTTP","0","(empty)","text/plain","-","0.000000","-","T","32","32","0","0","F","-","-","-","-","-","-"
"1591933032.782740","FA6DSK3XeqbT16gmd","10.0.2.4","10.0.2.15","CeYiHO1TOMOEGAXNb1","HTTP","0","(empty)","text/html","-","0.000163","-","F","10908","-","0","0","F","-","-","-","-","-","-"
"1591933032.816776","FzuGiC4ilUkA0ZUnDj","10.0.2.15","10.0.2.4","CKs9sU3MH73FChx9Qf","HTTP","0","(empty)","text/plain","-","0.000000","-","T","32","32","0","0","F","-","-","-","-","-","-"
"1591933032.835892","FkV9og4TTXdsJiXYf9","10.0.2.4","10.0.2.15","CKs9sU3MH73FChx9Qf","HTTP","0","(empty)","text/html","-","0.000299","-","F","10908","-","0","0","F","-","-","-","-","-","-"
"1591933032.870171","FKJVuE4FbOflGnqzHe","10.0.2.15","10.0.2.4","C01ZO23FQBF9NxUsT7","HTTP","0","(empty)","text/plain","-","0.000000","-","T","61","61","0","0","F","-","-","-","-","-","-"
"1591933032.892286","Fi2kPt1ua8UTJDlUUf","10.0.2.4","10.0.2.15","C01ZO23FQBF9NxUsT7","HTTP","0","(empty)","text/html","-","0.000207","-","F","10908","-","0","0","F","-","-","-","-","-","-"
"1591933032.925862","FbJddv3PydMYHivmce","10.0.2.15","10.0.2.4","CjYK9D2gktK1w6csY8","HTTP","0","(empty)","text/plain","-","0.000000","-","T","61","61","0","0","F","-","-","-","-","-","-"
"1591933032.948621","FeCEjd3AOGfbDatD6e","10.0.2.4","10.0.2.15","CjYK9D2gktK1w6csY8","HTTP","0","(empty)","text/html","-","0.000234","-","F","10908","-","0","0","F","-","-","-","-","-","-"
"1591933032.982980","FjUQL41D0DfLq2DcG3","10.0.2.15","10.0.2.4","C6UL4O17npxcSKsNw3","HTTP","0","(empty)","text/plain","-","0.000000","-","T","55","55","0","0","F","-","-","-","-","-","-"
"1591933033.001556","FAJh263936QEUdbCC3","10.0.2.4","10.0.2.15","C6UL4O17npxcSKsNw3","HTTP","0","(empty)","text/html","-","0.000236","-","F","10908","-","0","0","F","-","-","-","-","-","-"
"1591933033.035005","FO8rDx4ab7GkJuAFCg","10.0.2.15","10.0.2.4","CZR0701FG9SeNvZNPh","HTTP","0","(empty)","text/plain","-","0.000000","-","T","55","55","0","0","F","-","-","-","-","-","-"
"1591933033.069846","FGG3sj2cr3676gaQQf","10.0.2.4","10.0.2.15","CZR0701FG9SeNvZNPh","HTTP","0","(empty)","text/html","-","0.000250","-","F","10908","-","0","0","F","-","-","-","-","-","-"
"1591933033.107078","FEyDLD1ie95hrV3B1i","10.0.2.15","10.0.2.4","CufRbp3IyOAh9qGEn1","HTTP","0","(empty)","text/plain","-","0.000000","-","T","53","53","0","0","F","-","-","-","-","-","-"
"1591933033.140835","FDsxyh2mW9IMcmOdbe","10.0.2.4","10.0.2.15","CufRbp3IyOAh9qGEn1","HTTP","0","(empty)","text/html","-","0.000219","-","F","10908","-","0","0","F","-","-","-","-","-","-"
"1591933033.175453","FTnDMI1z3ZawtrZmT3","10.0.2.15","10.0.2.4","CfUZVL1Z0DD65Hkq3f","HTTP","0","(empty)","text/plain","-","0.000000","-","T","53","53","0","0","F","-","-","-","-","-","-"
"1591933033.199050","FegplW2OsHovO1yKei","10.0.2.4","10.0.2.15","CfUZVL1Z0DD65Hkq3f","HTTP","0","(empty)","text/html","-","0.000208","-","F","10908","-","0","0","F","-","-","-","-","-","-"
"1591933033.241921","FEYPlx1l5XqYvhamg1","10.0.2.15","10.0.2.4","C8ivup46c7kkvFM4Ra","HTTP","0","(empty)","text/plain","-","0.000000","-","T","153","153","0","0","F","-","-","-","-","-","-"
"1591933033.267185","F0lIMN3yT0WrOTP6c2","10.0.2.4","10.0.2.15","C8ivup46c7kkvFM4Ra","HTTP","0","(empty)","text/html","-","0.000203","-","F","10908","-","0","0","F","-","-","-","-","-","-"
"1591933033.304352","F6LIEFg4gtKHcfy3h","10.0.2.15","10.0.2.4","ClldPZc5e9PyM0wnf","HTTP","0","(empty)","text/plain","-","0.000000","-","T","153","153","0","0","F","-","-","-","-","-","-"
"1591933033.330275","FahD2j4KvusMUgazEc","10.0.2.4","10.0.2.15","ClldPZc5e9PyM0wnf","HTTP","0","(empty)","text/html","-","0.000111","-","F","10908","-","0","0","F","-","-","-","-","-","-"
"1591933033.380348","FSoHUVkEYDocoS4fk","10.0.2.15","10.0.2.4","C88aR62rVGdwJZwYo1","HTTP","0","(empty)","text/plain","-","0.000000","-","T","274","274","0","0","F","-","-","-","-","-","-"
"1591933033.406903","FLLPhe4r2xRrf6cAde","10.0.2.4","10.0.2.15","C88aR62rVGdwJZwYo1","HTTP","0","(empty)","text/html","-","0.000173","-","F","10908","-","0","0","F","-","-","-","-","-","-"
"1591933033.433600","FizTVa3l2DjtGRZkV5","10.0.2.15","10.0.2.4","CuSQMS3PDlWkeb9KI3","HTTP","0","(empty)","text/plain","-","0.000000","-","T","248","248","0","0","F","-","-","-","-","-","-"
"1591933033.453604","FoIfi92LkxtCgPSo01","10.0.2.4","10.0.2.15","CuSQMS3PDlWkeb9KI3","HTTP","0","(empty)","text/html","-","0.000188","-","F","10908","-","0","0","F","-","-","-","-","-","-"
"1591933033.480320","FkjA7OBTwtWvJE57","10.0.2.15","10.0.2.4","Calz779JohAfNmXe1","HTTP","0","(empty)","text/plain","-","0.000000","-","T","257","257","0","0","F","-","-","-","-","-","-"
"1591933033.505633","Fx3ylt1NJThCTkR6p5","10.0.2.4","10.0.2.15","Calz779JohAfNmXe1","HTTP","0","(empty)","text/html","-","0.000196","-","F","10908","-","0","0","F","-","-","-","-","-","-"
"1591933033.540102","FvGDSgrbC87cRACN2","10.0.2.15","10.0.2.4","CyYAbx2963guknadyb","HTTP","0","(empty)","text/plain","-","0.000000","-","T","286","286","0","0","F","-","-","-","-","-","-"
"1591933033.566765","FpfKf83sHGFySMNGP5","10.0.2.4","10.0.2.15","CyYAbx2963guknadyb","HTTP","0","(empty)","text/html","-","0.000196","-","F","10908","-","0","0","F","-","-","-","-","-","-"
"1591933033.600973","FSypvXxNcDT7GtoVk","10.0.2.15","10.0.2.4","CWcbk12Pq6WOM1VB5","HTTP","0","(empty)","text/plain","-","0.000000","-","T","280","280","0","0","F","-","-","-","-","-","-"
"1591933033.642654","F7oZax4CgK8lNJr9D4","10.0.2.4","10.0.2.15","CWcbk12Pq6WOM1VB5","HTTP","0","(empty)","text/html","-","0.000212","-","F","10908","-","0","0","F","-","-","-","-","-","-"
"1591933033.668658","F0CnJh1h6giHbOyGg9","10.0.2.15","10.0.2.4","CpehH32Xa4cS5wlPq1","HTTP","0","(empty)","text/plain","-","0.000000","-","T","278","278","0","0","F","-","-","-","-","-","-"
"1591933033.695234","F1ZByb4YFzPiMMxDUb","10.0.2.4","10.0.2.15","CpehH32Xa4cS5wlPq1","HTTP","0","(empty)","text/html","-","0.000187","-","F","10908","-","0","0","F","-","-","-","-","-","-"
"1591933033.733982","FXqE6SlX89nL4r0wf","10.0.2.15","10.0.2.4","C6Y3qb41heSVmSNq8","HTTP","0","(empty)","text/plain","-","0.000000","-","T","352","352","0","0","F","-","-","-","-","-","-"
"1591933033.762497","FP1mxn399xJZMj7yJ7","10.0.2.4","10.0.2.15","C6Y3qb41heSVmSNq8","HTTP","0","(empty)","text/html","-","0.000158","-","F","10908","-","0","0","F","-","-","-","-","-","-"
"1591933033.796692","Fbw3Ka2Yn5BCpAqUt1","10.0.2.15","10.0.2.4","CCsLcc2ied2RoYBB42","HTTP","0","(empty)","text/plain","-","0.000000","-","T","326","326","0","0","F","-","-","-","-","-","-"
"1591933033.822131","FeDKG52MJiAp03dnkg","10.0.2.4","10.0.2.15","CCsLcc2ied2RoYBB42","HTTP","0","(empty)","text/html","-","0.000167","-","F","10908","-","0","0","F","-","-","-","-","-","-"
"1591933033.865370","FTcyM04pSbAXxISCXk","10.0.2.15","10.0.2.4","ChoHLg4RYOD5VFAF3a","HTTP","0","(empty)","text/plain","-","0.000000","-","T","335","335","0","0","F","-","-","-","-","-","-"
"1591933033.885270","Fh2gky45GhLkH68PMe","10.0.2.4","10.0.2.15","ChoHLg4RYOD5VFAF3a","HTTP","0","(empty)","text/html","-","0.000159","-","F","10908","-","0","0","F","-","-","-","-","-","-"
"1591933033.911986","F2aYiEWW5pJs1x8B9","10.0.2.15","10.0.2.4","CplwW93e7gCJV554za","HTTP","0","(empty)","text/plain","-","0.000000","-","T","364","364","0","0","F","-","-","-","-","-","-"
"1591933033.930934","FaSI6i2N0i967ydJth","10.0.2.4","10.0.2.15","CplwW93e7gCJV554za","HTTP","0","(empty)","text/html","-","0.000136","-","F","10908","-","0","0","F","-","-","-","-","-","-"
"1591933033.969612","FTZsui1zr8Ig2b2rpc","10.0.2.15","10.0.2.4","CFCF8c3XuVJyXe28ld","HTTP","0","(empty)","text/plain","-","0.000000","-","T","358","358","0","0","F","-","-","-","-","-","-"
"1591933033.993824","FyujvR1KLk8DoPaEpd","10.0.2.4","10.0.2.15","CFCF8c3XuVJyXe28ld","HTTP","0","(empty)","text/html","-","0.000150","-","F","10908","-","0","0","F","-","-","-","-","-","-"
"1591933034.024274","FPMYS74Qi27LfDoSG3","10.0.2.15","10.0.2.4","C9p6UM8Hi7gCkwli","HTTP","0","(empty)","text/plain","-","0.000000","-","T","356","356","0","0","F","-","-","-","-","-","-"
"1591933034.047310","FE5uAU3PxOHj4vmLv8","10.0.2.4","10.0.2.15","C9p6UM8Hi7gCkwli","HTTP","0","(empty)","text/html","-","0.000177","-","F","10908","-","0","0","F","-","-","-","-","-","-"
"1591933034.081807","FN5Jo1mKoiu0pLPV","10.0.2.15","10.0.2.4","Czgwio1TovZmiQnO6","HTTP","0","(empty)","text/plain","-","0.000000","-","T","341","341","0","0","F","-","-","-","-","-","-"
"1591933034.110994","FCd9nPb1qUnx2noGi","10.0.2.4","10.0.2.15","Czgwio1TovZmiQnO6","HTTP","0","(empty)","text/html","-","0.000183","-","F","10908","-","0","0","F","-","-","-","-","-","-"
"1591933034.143165","FCAIJu283quGY9Sda7","10.0.2.15","10.0.2.4","ChkIdC2731VPVyG1Ad","HTTP","0","(empty)","text/plain","-","0.000000","-","T","315","315","0","0","F","-","-","-","-","-","-"
"1591933034.169596","F4A0L21MQ4509HUqn6","10.0.2.4","10.0.2.15","ChkIdC2731VPVyG1Ad","HTTP","0","(empty)","text/html","-","0.000143","-","F","10908","-","0","0","F","-","-","-","-","-","-"
"1591933034.200409","FP8kL91UzYq2n39Pt3","10.0.2.15","10.0.2.4","CJi4qy36fg5XKE2vYh","HTTP","0","(empty)","text/plain","-","0.000000","-","T","324","324","0","0","F","-","-","-","-","-","-"
"1591933034.226479","FYAsRy3eZW7h7qs6Bl","10.0.2.4","10.0.2.15","CJi4qy36fg5XKE2vYh","HTTP","0","(empty)","text/html","-","0.000144","-","F","10908","-","0","0","F","-","-","-","-","-","-"
"1591933034.252445","FHzch02NPjIZfIJuE4","10.0.2.15","10.0.2.4","CYbVeH1fYUsxp0kjJ","HTTP","0","(empty)","text/plain","-","0.000000","-","T","353","353","0","0","F","-","-","-","-","-","-"
"1591933034.280773","Fwj2RRnU1E7Kinzyi","10.0.2.4","10.0.2.15","CYbVeH1fYUsxp0kjJ","HTTP","0","(empty)","text/html","-","0.000174","-","F","10908","-","0","0","F","-","-","-","-","-","-"
"1591933034.307288","FjrYCd2YzD5UTxULF8","10.0.2.15","10.0.2.4","CW6QWd2WJExn1COcok","HTTP","0","(empty)","text/plain","-","0.000000","-","T","347","347","0","0","F","-","-","-","-","-","-"
"1591933034.329341","FkpXo11hXH6vH0eHYe","10.0.2.4","10.0.2.15","CW6QWd2WJExn1COcok","HTTP","0","(empty)","text/html","-","0.000166","-","F","10908","-","0","0","F","-","-","-","-","-","-"
"1591933034.353819","FdXyqr18U8AmffjUJd","10.0.2.15","10.0.2.4","CzTE9ly5QkpruzdIc","HTTP","0","(empty)","text/plain","-","0.000000","-","T","345","345","0","0","F","-","-","-","-","-","-"
"1591933034.375612","FVrXFx4sJIMSRXiBF3","10.0.2.4","10.0.2.15","CzTE9ly5QkpruzdIc","HTTP","0","(empty)","text/html","-","0.000206","-","F","10908","-","0","0","F","-","-","-","-","-","-"
"1591933034.407914","FuDEZG76qfdvCYbhd","10.0.2.15","10.0.2.4","CLm4CD4PIly3KScUCh","HTTP","0","(empty)","text/plain","-","0.000000","-","T","423","423","0","0","F","-","-","-","-","-","-"
"1591933034.428160","FdPsJH1yxJ7FtrYDSl","10.0.2.4","10.0.2.15","CLm4CD4PIly3KScUCh","HTTP","0","(empty)","text/html","-","0.000195","-","F","10908","-","0","0","F","-","-","-","-","-","-"
"1591933034.454701","FeCvja29PwWzp0FOI3","10.0.2.15","10.0.2.4","C9Guj21iHpOWAyCivi","HTTP","0","(empty)","text/plain","-","0.000000","-","T","397","397","0","0","F","-","-","-","-","-","-"
"1591933034.475364","FzwzNcYbFAvZY2Sd5","10.0.2.4","10.0.2.15","C9Guj21iHpOWAyCivi","HTTP","0","(empty)","text/html","-","0.000190","-","F","10908","-","0","0","F","-","-","-","-","-","-"
"1591933034.500614","FHb5OT1i0OJ3LGlWX7","10.0.2.15","10.0.2.4","C2nU1V1AODMhV6RLm","HTTP","0","(empty)","text/plain","-","0.000000","-","T","406","406","0","0","F","-","-","-","-","-","-"
"1591933034.529953","FXpdnZ3EaFJFVYj1f1","10.0.2.4","10.0.2.15","C2nU1V1AODMhV6RLm","HTTP","0","(empty)","text/html","-","0.000200","-","F","10908","-","0","0","F","-","-","-","-","-","-"
"1591933034.559153","Fu575R3wRzpvJcQ1m7","10.0.2.15","10.0.2.4","CKZzkd2mTQdntVgx5c","HTTP","0","(empty)","text/plain","-","0.000000","-","T","435","435","0","0","F","-","-","-","-","-","-"
"1591933034.583131","FMk0Yl3tGwBiokSTXh","10.0.2.4","10.0.2.15","CKZzkd2mTQdntVgx5c","HTTP","0","(empty)","text/html","-","0.000424","-","F","10908","-","0","0","F","-","-","-","-","-","-"
"1591933034.615752","FFIbT738ysILiNum5e","10.0.2.15","10.0.2.4","CKYqcVOMEXwYP2EA5","HTTP","0","(empty)","text/plain","-","0.000000","-","T","429","429","0","0","F","-","-","-","-","-","-"
"1591933034.638406","FuKn741UgihA2o9xrg","10.0.2.4","10.0.2.15","CKYqcVOMEXwYP2EA5","HTTP","0","(empty)","text/html","-","0.000136","-","F","10908","-","0","0","F","-","-","-","-","-","-"
"1591933034.668467","FSTsiuwQxZVdef1xl","10.0.2.15","10.0.2.4","Cz38fS2I56hadlH8n8","HTTP","0","(empty)","text/plain","-","0.000000","-","T","427","427","0","0","F","-","-","-","-","-","-"
"1591933034.689425","FiXSDH31WN0MpVfxbj","10.0.2.4","10.0.2.15","Cz38fS2I56hadlH8n8","HTTP","0","(empty)","text/html","-","0.000164","-","F","10908","-","0","0","F","-","-","-","-","-","-"
"1591933034.727977","FEdQWG1xY52Ly0eSve","10.0.2.15","10.0.2.4","CqwqlU1mFoZu1puxHf","HTTP","0","(empty)","text/plain","-","0.000000","-","T","238","238","0","0","F","-","-","-","-","-","-"
"1591933034.751168","FIaPAP1Hm0gby08c9d","10.0.2.4","10.0.2.15","CqwqlU1mFoZu1puxHf","HTTP","0","(empty)","text/html","-","0.000159","-","F","10908","-","0","0","F","-","-","-","-","-","-"
"1591933034.783464","F7SMok3c40ibIWVpvi","10.0.2.15","10.0.2.4","C8QMW83WOW1JhUQQJ5","HTTP","0","(empty)","text/plain","-","0.000000","-","T","104","104","0","0","F","-","-","-","-","-","-"
"1591933034.807213","FtPHVY1GLiGnYokYR2","10.0.2.4","10.0.2.15","C8QMW83WOW1JhUQQJ5","HTTP","0","(empty)","text/html","-","0.000130","-","F","10908","-","0","0","F","-","-","-","-","-","-"
"1591933034.848273","FRf3ka4Ehh1RDxt6Hj","10.0.2.15","10.0.2.4","CHRePk4lFLvpa9AKi9","HTTP","0","(empty)","text/plain","-","0.000000","-","T","299","299","0","0","F","-","-","-","-","-","-"
"1591933034.869136","FWM6yM2RURsTLfGlM4","10.0.2.4","10.0.2.15","CHRePk4lFLvpa9AKi9","HTTP","0","(empty)","text/html","-","0.000234","-","F","10908","-","0","0","F","-","-","-","-","-","-"
"1591933034.909382","FvQL1f3Ww5J2FpvCag","10.0.2.15","10.0.2.4","CZPTq62qISDYQVh0s8","HTTP","0","(empty)","text/plain","-","0.000000","-","T","279","279","0","0","F","-","-","-","-","-","-"
"1591933034.931847","FQiem93L6MbMi9L5a9","10.0.2.4","10.0.2.15","CZPTq62qISDYQVh0s8","HTTP","0","(empty)","text/html","-","0.000187","-","F","10908","-","0","0","F","-","-","-","-","-","-"
"1591933034.963230","FPyXTy4vkKO7S5kIRe","10.0.2.15","10.0.2.4","CZehz52niR0Eqef0Ei","HTTP","0","(empty)","text/plain","-","0.000000","-","T","74","74","0","0","F","-","-","-","-","-","-"
"1591933034.986948","F8QG3m2OdnykP5Yg4h","10.0.2.4","10.0.2.15","CZehz52niR0Eqef0Ei","HTTP","0","(empty)","text/html","-","0.000358","-","F","10908","-","0","0","F","-","-","-","-","-","-"
"1591933035.012794","FMyREa3ev3iOuVvG6e","10.0.2.15","10.0.2.4","ChaNKU1iS8g8ugL9Ui","HTTP","0","(empty)","text/plain","-","0.000000","-","T","71","71","0","0","F","-","-","-","-","-","-"
"1591933035.035244","F949U43yFhd9l7Vjo7","10.0.2.4","10.0.2.15","ChaNKU1iS8g8ugL9Ui","HTTP","0","(empty)","text/html","-","0.000148","-","F","10908","-","0","0","F","-","-","-","-","-","-"
"1591933035.058814","FOMVQ51MZBsXNN8Hcf","10.0.2.15","10.0.2.4","C7Zb7b3SxrXvv1XcMa","HTTP","0","(empty)","text/plain","-","0.000000","-","T","77","77","0","0","F","-","-","-","-","-","-"
"1591933035.080953","F7wGep1a4g6anyFkXe","10.0.2.4","10.0.2.15","C7Zb7b3SxrXvv1XcMa","HTTP","0","(empty)","text/html","-","0.000218","-","F","10908","-","0","0","F","-","-","-","-","-","-"
"1591933035.108048","FQmQ6Q3ALbay8w9oii","10.0.2.15","10.0.2.4","Cdv1cpi2DcLzQDvf6","HTTP","0","(empty)","text/plain","-","0.000000","-","T","74","74","0","0","F","-","-","-","-","-","-"
"1591933035.152942","FbOmUS1BVGbPcjhJ8a","10.0.2.4","10.0.2.15","Cdv1cpi2DcLzQDvf6","HTTP","0","(empty)","text/html","-","0.000121","-","F","10908","-","0","0","F","-","-","-","-","-","-"
"1591933035.177828","F3aFRx4sDKl9wEBCt3","10.0.2.15","10.0.2.4","C7DZil1vfna8vZV3ci","HTTP","0","(empty)","text/plain","-","0.000000","-","T","77","77","0","0","F","-","-","-","-","-","-"
"1591933035.210789","FdZwZE2QGqlbrql6cb","10.0.2.4","10.0.2.15","C7DZil1vfna8vZV3ci","HTTP","0","(empty)","text/html","-","0.000161","-","F","10908","-","0","0","F","-","-","-","-","-","-"
"1591933035.240877","FYY5Ud2DsV901c7Aed","10.0.2.15","10.0.2.4","CjxqcM3qmbRGGLEji9","HTTP","0","(empty)","text/plain","-","0.000000","-","T","35","35","0","0","F","-","-","-","-","-","-"
"1591933035.261036","FPMbKF1NbdA7uhrdRf","10.0.2.4","10.0.2.15","CjxqcM3qmbRGGLEji9","HTTP","0","(empty)","text/html","-","0.000126","-","F","10908","-","0","0","F","-","-","-","-","-","-"
"1591933035.283538","Fsup4V13KiShco6cMi","10.0.2.15","10.0.2.4","CxC8v81w0XC8cqMlpg","HTTP","0","(empty)","text/plain","-","0.000000","-","T","32","32","0","0","F","-","-","-","-","-","-"
"1591933035.306458","FjXdyv3AcCI5bmIxol","10.0.2.4","10.0.2.15","CxC8v81w0XC8cqMlpg","HTTP","0","(empty)","text/html","-","0.000215","-","F","10908","-","0","0","F","-","-","-","-","-","-"
"1591933035.331870","Fv8hcbWZQeJ6GXRN6","10.0.2.15","10.0.2.4","Ck8MJB4JgJ6gPMUWy6","HTTP","0","(empty)","text/plain","-","0.000000","-","T","38","38","0","0","F","-","-","-","-","-","-"
"1591933035.351892","FrjctN20j82akDSfZa","10.0.2.4","10.0.2.15","Ck8MJB4JgJ6gPMUWy6","HTTP","0","(empty)","text/html","-","0.000193","-","F","10908","-","0","0","F","-","-","-","-","-","-"
"1591933035.374468","FlWZZj3njjK0UTDXYg","10.0.2.15","10.0.2.4","CbP0Yg1SdKUo9i05zi","HTTP","0","(empty)","text/plain","-","0.000000","-","T","35","35","0","0","F","-","-","-","-","-","-"
"1591933035.393965","FUq4Nw2gHzyhg8Fzg4","10.0.2.4","10.0.2.15","CbP0Yg1SdKUo9i05zi","HTTP","0","(empty)","text/html","-","0.000207","-","F","10908","-","0","0","F","-","-","-","-","-","-"
"1591933035.417652","FXk1Zs3Qdcj3nujpTc","10.0.2.15","10.0.2.4","CCBRdv3OOnOHpOjpVf","HTTP","0","(empty)","text/plain","-","0.000000","-","T","38","38","0","0","F","-","-","-","-","-","-"
"1591933035.440018","FzAEA4461vKrrrDyz9","10.0.2.4","10.0.2.15","CCBRdv3OOnOHpOjpVf","HTTP","0","(empty)","text/html","-","0.000262","-","F","10908","-","0","0","F","-","-","-","-","-","-"
"1591933035.469061","F1V3Zm1pQNDgPKrKE4","10.0.2.15","10.0.2.4","Cijrhp4gKcJchlw475","HTTP","0","(empty)","text/plain","-","0.000000","-","T","44","44","0","0","F","-","-","-","-","-","-"
"1591933035.489124","Fmkw0e1eFILQ4vtFxk","10.0.2.4","10.0.2.15","Cijrhp4gKcJchlw475","HTTP","0","(empty)","text/html","-","0.000186","-","F","10908","-","0","0","F","-","-","-","-","-","-"
"1591933035.512526","F95f1L73ahmgLw19c","10.0.2.15","10.0.2.4","CsD78S2CfHuf9LL881","HTTP","0","(empty)","text/plain","-","0.000000","-","T","41","41","0","0","F","-","-","-","-","-","-"
"1591933035.537635","Fdm38j2KvQSW6vEjlg","10.0.2.4","10.0.2.15","CsD78S2CfHuf9LL881","HTTP","0","(empty)","text/html","-","0.000233","-","F","10908","-","0","0","F","-","-","-","-","-","-"
"1591933035.562204","FFma6s1g5KvMsyKaJ4","10.0.2.15","10.0.2.4","COqThUAN6JbyJufvi","HTTP","0","(empty)","text/plain","-","0.000000","-","T","47","47","0","0","F","-","-","-","-","-","-"
"1591933035.596064","F1OakV2br0xsW6lLe7","10.0.2.4","10.0.2.15","COqThUAN6JbyJufvi","HTTP","0","(empty)","text/html","-","0.000306","-","F","10908","-","0","0","F","-","-","-","-","-","-"
"1591933035.626610","FHJ1RIRsPhk8YX5qk","10.0.2.15","10.0.2.4","CJziEj3SUeXUD3V1bk","HTTP","0","(empty)","text/plain","-","0.000000","-","T","44","44","0","0","F","-","-","-","-","-","-"
"1591933035.659213","FFUS6w3jUjYnQWpKKk","10.0.2.4","10.0.2.15","CJziEj3SUeXUD3V1bk","HTTP","0","(empty)","text/html","-","0.000237","-","F","10908","-","0","0","F","-","-","-","-","-","-"
"1591933035.684140","FgMcHz4vaPZmbh8MH3","10.0.2.15","10.0.2.4","CYzjqi1cAiBKnK2wa5","HTTP","0","(empty)","text/plain","-","0.000000","-","T","47","47","0","0","F","-","-","-","-","-","-"
"1591933035.704064","Fgzzbz2bdjotdT2as5","10.0.2.4","10.0.2.15","CYzjqi1cAiBKnK2wa5","HTTP","0","(empty)","text/html","-","0.000161","-","F","10908","-","0","0","F","-","-","-","-","-","-"
"1591933035.733958","FA6R0I38tBd6ZneD3e","10.0.2.15","10.0.2.4","CAMKgYujio3axLm6g","HTTP","0","(empty)","text/plain","-","0.000000","-","T","134","134","0","0","F","-","-","-","-","-","-"
"1591933035.757476","FlriQLwtbhhWQXoe1","10.0.2.4","10.0.2.15","CAMKgYujio3axLm6g","HTTP","0","(empty)","text/html","-","0.000164","-","F","10908","-","0","0","F","-","-","-","-","-","-"
"1591933035.784267","FVfhbengPZU8AU9fl","10.0.2.15","10.0.2.4","CQZS08XDpNOjGpGa4","HTTP","0","(empty)","text/plain","-","0.000000","-","T","131","131","0","0","F","-","-","-","-","-","-"
"1591933035.805251","F5XTfW1MCZYONVgBKb","10.0.2.4","10.0.2.15","CQZS08XDpNOjGpGa4","HTTP","0","(empty)","text/html","-","0.000172","-","F","10908","-","0","0","F","-","-","-","-","-","-"
"1591933035.835455","F2hBNjn3sRduhlC75","10.0.2.15","10.0.2.4","CjuBYOxc6ff8nxvwe","HTTP","0","(empty)","text/plain","-","0.000000","-","T","137","137","0","0","F","-","-","-","-","-","-"
"1591933035.856571","FnaDy93nKQ46EYWGM8","10.0.2.4","10.0.2.15","CjuBYOxc6ff8nxvwe","HTTP","0","(empty)","text/html","-","0.000198","-","F","10908","-","0","0","F","-","-","-","-","-","-"
"1591933035.881009","FnYFCY3rg51cJGPhxl","10.0.2.15","10.0.2.4","Cqhv5YwxEHCXhh2aa","HTTP","0","(empty)","text/plain","-","0.000000","-","T","134","134","0","0","F","-","-","-","-","-","-"
"1591933035.906201","FnCdzw29TxR0dKaBC2","10.0.2.4","10.0.2.15","Cqhv5YwxEHCXhh2aa","HTTP","0","(empty)","text/html","-","0.000149","-","F","10908","-","0","0","F","-","-","-","-","-","-"
"1591933035.929749","F60bip3kBFm6T5QU9f","10.0.2.15","10.0.2.4","CCRCJY17WdTERT2mR6","HTTP","0","(empty)","text/plain","-","0.000000","-","T","137","137","0","0","F","-","-","-","-","-","-"
"1591933035.952885","Fuhseq2vdwkX2NX0j4","10.0.2.4","10.0.2.15","CCRCJY17WdTERT2mR6","HTTP","0","(empty)","text/html","-","0.000189","-","F","10908","-","0","0","F","-","-","-","-","-","-"
"1591933035.985196","FrkMla4S3H28LDOIQ4","10.0.2.15","10.0.2.4","CX92yg2NFbD451cRv7","HTTP","0","(empty)","text/plain","-","0.000000","-","T","100","100","0","0","F","-","-","-","-","-","-"
"1591933036.005251","FChWez397owNnOkl7f","10.0.2.4","10.0.2.15","CX92yg2NFbD451cRv7","HTTP","0","(empty)","text/html","-","0.000171","-","F","10908","-","0","0","F","-","-","-","-","-","-"
"1591933036.037679","F3w9hO18paHlbGR6k9","10.0.2.15","10.0.2.4","C8b9Em4bvcj9PhJbH1","HTTP","0","(empty)","text/plain","-","0.000000","-","T","74","74","0","0","F","-","-","-","-","-","-"
"1591933036.058498","FGttqi25M12lkx1Xba","10.0.2.4","10.0.2.15","C8b9Em4bvcj9PhJbH1","HTTP","0","(empty)","text/html","-","0.000149","-","F","10908","-","0","0","F","-","-","-","-","-","-"
"1591933036.090395","FvU7BU1vicUUB6Zyr9","10.0.2.15","10.0.2.4","CQkN9D4ginAycytyn2","HTTP","0","(empty)","text/plain","-","0.000000","-","T","83","83","0","0","F","-","-","-","-","-","-"
"1591933036.134436","FN5tGu1ztG2Z04cOy5","10.0.2.4","10.0.2.15","CQkN9D4ginAycytyn2","HTTP","0","(empty)","text/html","-","0.000122","-","F","10908","-","0","0","F","-","-","-","-","-","-"
"1591933036.168499","FEwn4629NPESmJjqC5","10.0.2.15","10.0.2.4","CjTrPc46Q8ZjhIhqm3","HTTP","0","(empty)","text/plain","-","0.000000","-","T","112","112","0","0","F","-","-","-","-","-","-"
"1591933036.191594","FzYZy91kLZAY5pJHw5","10.0.2.4","10.0.2.15","CjTrPc46Q8ZjhIhqm3","HTTP","0","(empty)","text/html","-","0.000172","-","F","10908","-","0","0","F","-","-","-","-","-","-"
"1591933036.225470","FdG0Sy10m3kkH2UUxk","10.0.2.15","10.0.2.4","CTRR2x1zk3PrjtFgh","HTTP","0","(empty)","text/plain","-","0.000000","-","T","106","106","0","0","F","-","-","-","-","-","-"
"1591933036.244841","FvkLi74DCwaR4foNc4","10.0.2.4","10.0.2.15","CTRR2x1zk3PrjtFgh","HTTP","0","(empty)","text/html","-","0.000200","-","F","10908","-","0","0","F","-","-","-","-","-","-"
"1591933036.270499","FpmwMH1jAxD2WqU9V","10.0.2.15","10.0.2.4","CVmwS1105HzRGq1Txa","HTTP","0","(empty)","text/plain","-","0.000000","-","T","104","104","0","0","F","-","-","-","-","-","-"
"1591933036.289959","FWZJgx44rCeXkYhgBe","10.0.2.4","10.0.2.15","CVmwS1105HzRGq1Txa","HTTP","0","(empty)","text/html","-","0.000213","-","F","10908","-","0","0","F","-","-","-","-","-","-"
"1591933036.323001","F4wd3pX7uuZDURqM9","10.0.2.15","10.0.2.4","CN1e8F2GmAyIDZ5q22","HTTP","0","(empty)","text/plain","-","0.000000","-","T","89","89","0","0","F","-","-","-","-","-","-"
"1591933036.347559","Fbc8nldmrqxYzz3rl","10.0.2.4","10.0.2.15","CN1e8F2GmAyIDZ5q22","HTTP","0","(empty)","text/html","-","0.000160","-","F","10908","-","0","0","F","-","-","-","-","-","-"
"1591933036.377708","FvOUq12wDhPvcBYAp","10.0.2.15","10.0.2.4","C9GP6c1KqCRIRZcaU9","HTTP","0","(empty)","text/plain","-","0.000000","-","T","63","63","0","0","F","-","-","-","-","-","-"
"1591933036.403420","FCjuQu3dsUFCtQva9c","10.0.2.4","10.0.2.15","C9GP6c1KqCRIRZcaU9","HTTP","0","(empty)","text/html","-","0.000173","-","F","10908","-","0","0","F","-","-","-","-","-","-"
"1591933036.440293","F5wYnHFdPcL8q9V8g","10.0.2.15","10.0.2.4","CKVLxW3LsUvqA7A0p3","HTTP","0","(empty)","text/plain","-","0.000000","-","T","72","72","0","0","F","-","-","-","-","-","-"
"1591933036.459474","FegB0J1i1AnRV4rNP9","10.0.2.4","10.0.2.15","CKVLxW3LsUvqA7A0p3","HTTP","0","(empty)","text/html","-","0.000153","-","F","10908","-","0","0","F","-","-","-","-","-","-"
"1591933036.490879","FZqkMg25Sk93ku6q3d","10.0.2.15","10.0.2.4","CDtIqIu1CfhJL5hXh","HTTP","0","(empty)","text/plain","-","0.000000","-","T","101","101","0","0","F","-","-","-","-","-","-"
"1591933036.511641","FuHCaG3A2yWLgmyE2","10.0.2.4","10.0.2.15","CDtIqIu1CfhJL5hXh","HTTP","0","(empty)","text/html","-","0.000283","-","F","10908","-","0","0","F","-","-","-","-","-","-"
"1591933036.535792","FHxRQL3QfuqOSM6Gvj","10.0.2.15","10.0.2.4","CR4Dfw4EqneS9DVsij","HTTP","0","(empty)","text/plain","-","0.000000","-","T","95","95","0","0","F","-","-","-","-","-","-"
"1591933036.554883","FWfrX51WHpGKIJBIK3","10.0.2.4","10.0.2.15","CR4Dfw4EqneS9DVsij","HTTP","0","(empty)","text/html","-","0.000277","-","F","10908","-","0","0","F","-","-","-","-","-","-"
"1591933036.578739","FvEJ3ohAaAwITC19l","10.0.2.15","10.0.2.4","C75KI94KUiuro3n8Vk","HTTP","0","(empty)","text/plain","-","0.000000","-","T","93","93","0","0","F","-","-","-","-","-","-"
"1591933036.614710","FkwT8l1MFH4L4tSaJf","10.0.2.4","10.0.2.15","C75KI94KUiuro3n8Vk","HTTP","0","(empty)","text/html","-","0.000196","-","F","10908","-","0","0","F","-","-","-","-","-","-"
"1591933036.649841","FF4XX14JjjyziWqhTc","10.0.2.15","10.0.2.4","CGzTqS2VeMv18qnQ2h","HTTP","0","(empty)","text/plain","-","0.000000","-","T","65","65","0","0","F","-","-","-","-","-","-"
"1591933036.675639","Fe9EjvOvhmpsT6e6l","10.0.2.4","10.0.2.15","CGzTqS2VeMv18qnQ2h","HTTP","0","(empty)","text/html","-","0.000148","-","F","10908","-","0","0","F","-","-","-","-","-","-"
"1591933036.707880","FE3Yak1QF1RzVfrpxe","10.0.2.15","10.0.2.4","CDXxIR3yVzIvlEwfP4","HTTP","0","(empty)","text/plain","-","0.000000","-","T","39","39","0","0","F","-","-","-","-","-","-"
"1591933036.733421","FIDxKB4NeqHL3BibI3","10.0.2.4","10.0.2.15","CDXxIR3yVzIvlEwfP4","HTTP","0","(empty)","text/html","-","0.000143","-","F","10908","-","0","0","F","-","-","-","-","-","-"
"1591933036.769665","FrAUhh4rwKuAdy8Ra","10.0.2.15","10.0.2.4","C4zhpk3xgiie4QMLTh","HTTP","0","(empty)","text/plain","-","0.000000","-","T","48","48","0","0","F","-","-","-","-","-","-"
"1591933036.792081","FcnvQn2tUNBJAFuYth","10.0.2.4","10.0.2.15","C4zhpk3xgiie4QMLTh","HTTP","0","(empty)","text/html","-","0.000183","-","F","10908","-","0","0","F","-","-","-","-","-","-"
"1591933036.821525","FIEoIGkotxfBmXws3","10.0.2.15","10.0.2.4","CmEa9ItddumkoHe2k","HTTP","0","(empty)","text/plain","-","0.000000","-","T","77","77","0","0","F","-","-","-","-","-","-"
"1591933036.840081","FwqsRa1HOAgBCG0di","10.0.2.4","10.0.2.15","CmEa9ItddumkoHe2k","HTTP","0","(empty)","text/html","-","0.000250","-","F","10908","-","0","0","F","-","-","-","-","-","-"
"1591933036.875715","Frb8GF4pjcN3IzVJj","10.0.2.15","10.0.2.4","Cb6MJy11puMJfKxMB7","HTTP","0","(empty)","text/plain","-","0.000000","-","T","71","71","0","0","F","-","-","-","-","-","-"
"1591933036.900057","FDgm8Ioid91XY7wQ5","10.0.2.4","10.0.2.15","Cb6MJy11puMJfKxMB7","HTTP","0","(empty)","text/html","-","0.000238","-","F","10908","-","0","0","F","-","-","-","-","-","-"
"1591933036.931829","FzJmOc2SC8m6OSTEQc","10.0.2.15","10.0.2.4","CL5mz14cslyutHZObg","HTTP","0","(empty)","text/plain","-","0.000000","-","T","69","69","0","0","F","-","-","-","-","-","-"
"1591933036.951779","F2MJda3q63Irrojdyk","10.0.2.4","10.0.2.15","CL5mz14cslyutHZObg","HTTP","0","(empty)","text/html","-","0.000215","-","F","10908","-","0","0","F","-","-","-","-","-","-"
"1591933036.985087","F2tCR22eitCY6J7y4k","10.0.2.15","10.0.2.4","C69jtm1zln56zkwtCk","HTTP","0","(empty)","text/plain","-","0.000000","-","T","144","144","0","0","F","-","-","-","-","-","-"
"1591933037.012617","FTZvvL1Ze5wSLmHrIb","10.0.2.4","10.0.2.15","C69jtm1zln56zkwtCk","HTTP","0","(empty)","text/html","-","0.000180","-","F","10908","-","0","0","F","-","-","-","-","-","-"
"1591933037.036129","FeA1rA4NF7p1rjnJ2","10.0.2.15","10.0.2.4","CTknIfQhXF9oeHO67","HTTP","0","(empty)","text/plain","-","0.000000","-","T","118","118","0","0","F","-","-","-","-","-","-"
"1591933037.059861","FR8GsB2bpmyALCPcNk","10.0.2.4","10.0.2.15","CTknIfQhXF9oeHO67","HTTP","0","(empty)","text/html","-","0.000200","-","F","10908","-","0","0","F","-","-","-","-","-","-"
"1591933037.086291","Fb8Sjc1tfrdGuEOYn3","10.0.2.15","10.0.2.4","Cy6D9l1MBalHQerCG9","HTTP","0","(empty)","text/plain","-","0.000000","-","T","127","127","0","0","F","-","-","-","-","-","-"
"1591933037.125725","FsnO09hjfs6WjROb1","10.0.2.4","10.0.2.15","Cy6D9l1MBalHQerCG9","HTTP","0","(empty)","text/html","-","0.000208","-","F","10908","-","0","0","F","-","-","-","-","-","-"
"1591933037.155259","FxwUat4dBkCnIZNE48","10.0.2.15","10.0.2.4","CfQI4R2YqkRDlojQ36","HTTP","0","(empty)","text/plain","-","0.000000","-","T","156","156","0","0","F","-","-","-","-","-","-"
"1591933037.190018","Fgq9sZ3idwnwyUEwh","10.0.2.4","10.0.2.15","CfQI4R2YqkRDlojQ36","HTTP","0","(empty)","text/html","-","0.000112","-","F","10908","-","0","0","F","-","-","-","-","-","-"
"1591933037.243296","FStQzQ3iF5GQl3WBcl","10.0.2.15","10.0.2.4","CJLMyd4M2LNS56gdRh","HTTP","0","(empty)","text/plain","-","0.000000","-","T","150","150","0","0","F","-","-","-","-","-","-"
"1591933037.260995","Fetmkh1IFgWnq8XwD8","10.0.2.4","10.0.2.15","CJLMyd4M2LNS56gdRh","HTTP","0","(empty)","text/html","-","0.000250","-","F","10908","-","0","0","F","-","-","-","-","-","-"
"1591933037.284442","FnyZkN1XeOcguJ1ilh","10.0.2.15","10.0.2.4","CYhko62Zr7feGtQFgd","HTTP","0","(empty)","text/plain","-","0.000000","-","T","148","148","0","0","F","-","-","-","-","-","-"
"1591933037.307309","F9YIAL2pFmZL3h4xYg","10.0.2.4","10.0.2.15","CYhko62Zr7feGtQFgd","HTTP","0","(empty)","text/html","-","0.000282","-","F","10908","-","0","0","F","-","-","-","-","-","-"
"1591933037.340595","FP73rE4lJLcyNUQfk7","10.0.2.15","10.0.2.4","C8UBm72cQROWXAcLQ7","HTTP","0","(empty)","text/plain","-","0.000000","-","T","29","29","0","0","F","-","-","-","-","-","-"
"1591933037.366670","F6vb3F4dt8X23teKUl","10.0.2.4","10.0.2.15","C8UBm72cQROWXAcLQ7","HTTP","0","(empty)","text/html","-","0.000173","-","F","10908","-","0","0","F","-","-","-","-","-","-"
"1591933037.416085","Ft3ueQCG1wB8ybMQ6","10.0.2.15","10.0.2.4","C8e9dA3xM7g8PtVSx6","HTTP","0","(empty)","text/plain","-","0.000000","-","T","32","32","0","0","F","-","-","-","-","-","-"
"1591933037.436749","F5Sm6E2iPLKDmgUDLg","10.0.2.4","10.0.2.15","C8e9dA3xM7g8PtVSx6","HTTP","0","(empty)","text/html","-","0.000155","-","F","10908","-","0","0","F","-","-","-","-","-","-"
"1591933037.491232","FeHUo4fklYC7LtTPa","10.0.2.15","10.0.2.4","C9hijm4VE3wZ9aiNRe","HTTP","0","(empty)","text/plain","-","0.000000","-","T","42","42","0","0","F","-","-","-","-","-","-"
"1591933037.510870","FECx9o21KxRL3eCAN3","10.0.2.4","10.0.2.15","C9hijm4VE3wZ9aiNRe","HTTP","0","(empty)","text/html","-","0.000118","-","F","10908","-","0","0","F","-","-","-","-","-","-"
"1591933037.548845","Fq4Q2k20zJvx1wzSB2","10.0.2.15","10.0.2.4","C9RftC2areXeG1QMY2","HTTP","0","(empty)","text/plain","-","0.000000","-","T","49","49","0","0","F","-","-","-","-","-","-"
"1591933037.573878","Fm5zJ135rte6XnI9D3","10.0.2.4","10.0.2.15","C9RftC2areXeG1QMY2","HTTP","0","(empty)","text/html","-","0.000286","-","F","10908","-","0","0","F","-","-","-","-","-","-"
"1591933037.667632","FwuttY2aGiOx9eKfqi","10.0.2.15","10.0.2.4","CE6TBy3H7e1Fcr0Y4","HTTP","0","(empty)","text/plain","-","0.000000","-","T","56","56","0","0","F","-","-","-","-","-","-"
"1591933037.691948","FnuAP94z4nRLmIip71","10.0.2.4","10.0.2.15","CE6TBy3H7e1Fcr0Y4","HTTP","0","(empty)","text/html","-","0.000210","-","F","10908","-","0","0","F","-","-","-","-","-","-"
"1591933037.728002","F9xeJZ1cFb1vNFnVch","10.0.2.15","10.0.2.4","CowAvd4gZucZrp96jg","HTTP","0","(empty)","text/plain","-","0.000000","-","T","63","63","0","0","F","-","-","-","-","-","-"
"1591933037.747370","FTGZHJlo6kkmosukf","10.0.2.4","10.0.2.15","CowAvd4gZucZrp96jg","HTTP","0","(empty)","text/html","-","0.000235","-","F","10908","-","0","0","F","-","-","-","-","-","-"
"1591933037.781162","Fu0y8n1aSNWMdMd4ah","10.0.2.15","10.0.2.4","CAlmoD4QltO0jxZWib","HTTP","0","(empty)","text/plain","-","0.000000","-","T","70","70","0","0","F","-","-","-","-","-","-"
"1591933037.800105","Fhf5Iw34vuZ7I03KW3","10.0.2.4","10.0.2.15","CAlmoD4QltO0jxZWib","HTTP","0","(empty)","text/html","-","0.000266","-","F","10908","-","0","0","F","-","-","-","-","-","-"
"1591933037.832814","FTl8Ud5KLjazjIeB2","10.0.2.15","10.0.2.4","CnbEiX3Za9iebDVOJa","HTTP","0","(empty)","text/plain","-","0.000000","-","T","77","77","0","0","F","-","-","-","-","-","-"
"1591933037.851707","FB5w3E4H7oi0Nkl1nc","10.0.2.4","10.0.2.15","CnbEiX3Za9iebDVOJa","HTTP","0","(empty)","text/html","-","0.000199","-","F","10908","-","0","0","F","-","-","-","-","-","-"
"1591933037.885491","FrLHgr2SlVmmbTq137","10.0.2.15","10.0.2.4","C9rsIOaKN40FRbHY2","HTTP","0","(empty)","text/plain","-","0.000000","-","T","84","84","0","0","F","-","-","-","-","-","-"
"1591933037.905762","F5y4NX2xeMoszv0kWa","10.0.2.4","10.0.2.15","C9rsIOaKN40FRbHY2","HTTP","0","(empty)","text/html","-","0.000176","-","F","10908","-","0","0","F","-","-","-","-","-","-"
"1591933037.939077","FaWPvW242fN76MuSe4","10.0.2.15","10.0.2.4","CiC0DE1eyRPNOTYQJl","HTTP","0","(empty)","text/plain","-","0.000000","-","T","91","91","0","0","F","-","-","-","-","-","-"
"1591933037.958964","FKalXf3pQVArvZUoee","10.0.2.4","10.0.2.15","CiC0DE1eyRPNOTYQJl","HTTP","0","(empty)","text/html","-","0.000201","-","F","10908","-","0","0","F","-","-","-","-","-","-"
"1591933037.993119","FmHDv5364A1RJypSsl","10.0.2.15","10.0.2.4","CoLiiupEMcj5PmWcj","HTTP","0","(empty)","text/plain","-","0.000000","-","T","98","98","0","0","F","-","-","-","-","-","-"
"1591933038.012211","Fnc0CU1FMkoif6JtY1","10.0.2.4","10.0.2.15","CoLiiupEMcj5PmWcj","HTTP","0","(empty)","text/html","-","0.000302","-","F","10908","-","0","0","F","-","-","-","-","-","-"
"1591933038.045782","FHDhKH1Ptms5nwMcai","10.0.2.15","10.0.2.4","CNdzS24jNktoXvXyD8","HTTP","0","(empty)","text/plain","-","0.000000","-","T","105","105","0","0","F","-","-","-","-","-","-"
"1591933038.068724","FdDCgU2ddq5D3xoyb6","10.0.2.4","10.0.2.15","CNdzS24jNktoXvXyD8","HTTP","0","(empty)","text/html","-","0.000254","-","F","10908","-","0","0","F","-","-","-","-","-","-"
"1591933038.101144","FH8dPZ2FbMFrt7Vij3","10.0.2.15","10.0.2.4","CEvGhB1IslZnPHXPac","HTTP","0","(empty)","text/plain","-","0.000000","-","T","26","26","0","0","F","-","-","-","-","-","-"
"1591933038.138345","FSgb4I1JQgAATZawf9","10.0.2.4","10.0.2.15","CEvGhB1IslZnPHXPac","HTTP","0","(empty)","text/html","-","0.000216","-","F","10908","-","0","0","F","-","-","-","-","-","-"
"1591933038.205718","FyOdh87cmPCx05ua6","10.0.2.15","10.0.2.4","CwunRD2fT2MR2mmvI4","HTTP","0","(empty)","text/plain","-","0.000000","-","T","29","29","0","0","F","-","-","-","-","-","-"
"1591933038.246340","FrT5eQnizN1m6tLxl","10.0.2.4","10.0.2.15","CwunRD2fT2MR2mmvI4","HTTP","0","(empty)","text/html","-","0.000135","-","F","10908","-","0","0","F","-","-","-","-","-","-"
"1591933038.286130","FT1bX93hQRhbsGxtsk","10.0.2.15","10.0.2.4","CZWBNk42PWQLagg3V6","HTTP","0","(empty)","text/plain","-","0.000000","-","T","39","39","0","0","F","-","-","-","-","-","-"
"1591933038.304345","FPQk3A1PYV8mZS1sWc","10.0.2.4","10.0.2.15","CZWBNk42PWQLagg3V6","HTTP","0","(empty)","text/html","-","0.000214","-","F","10908","-","0","0","F","-","-","-","-","-","-"
"1591933038.339197","Fgga9O1ATZEN1x1mm6","10.0.2.15","10.0.2.4","C56rlW1tVCoYRWUOmg","HTTP","0","(empty)","text/plain","-","0.000000","-","T","46","46","0","0","F","-","-","-","-","-","-"
"1591933038.362859","F9D6ubJJ4jMQqGk3f","10.0.2.4","10.0.2.15","C56rlW1tVCoYRWUOmg","HTTP","0","(empty)","text/html","-","0.000226","-","F","10908","-","0","0","F","-","-","-","-","-","-"
"1591933038.397846","F50fGh1ySd5Qe5icp4","10.0.2.15","10.0.2.4","Cmytop4BPEBPZtVX38","HTTP","0","(empty)","text/plain","-","0.000000","-","T","53","53","0","0","F","-","-","-","-","-","-"
"1591933038.421042","F0pU6y23Wyg4nXqDz5","10.0.2.4","10.0.2.15","Cmytop4BPEBPZtVX38","HTTP","0","(empty)","text/html","-","0.000209","-","F","10908","-","0","0","F","-","-","-","-","-","-"
"1591933038.457365","FO69VV1Kdiwo44XvE9","10.0.2.15","10.0.2.4","CdrbYZpDbu3xI9e3g","HTTP","0","(empty)","text/plain","-","0.000000","-","T","60","60","0","0","F","-","-","-","-","-","-"
"1591933038.475564","FWj6HG1KLC8XAGGNCe","10.0.2.4","10.0.2.15","CdrbYZpDbu3xI9e3g","HTTP","0","(empty)","text/html","-","0.000209","-","F","10908","-","0","0","F","-","-","-","-","-","-"
"1591933038.514006","F0anrt38nbn27mAAoj","10.0.2.15","10.0.2.4","CpPIoX3gn8jlm1Iih","HTTP","0","(empty)","text/plain","-","0.000000","-","T","67","67","0","0","F","-","-","-","-","-","-"
"1591933038.538609","FzOEZ614xn31TxRNu7","10.0.2.4","10.0.2.15","CpPIoX3gn8jlm1Iih","HTTP","0","(empty)","text/html","-","0.000303","-","F","10908","-","0","0","F","-","-","-","-","-","-"
"1591933038.573389","F5DBC9DWatXMNqi6i","10.0.2.15","10.0.2.4","CbciHBrQx27lwx0X9","HTTP","0","(empty)","text/plain","-","0.000000","-","T","74","74","0","0","F","-","-","-","-","-","-"
"1591933038.591855","FdRkRC1HWNSTLIGIc","10.0.2.4","10.0.2.15","CbciHBrQx27lwx0X9","HTTP","0","(empty)","text/html","-","0.000260","-","F","10908","-","0","0","F","-","-","-","-","-","-"
"1591933038.629582","FPJ2JLsOvphXDM6lh","10.0.2.15","10.0.2.4","Ck784G350sqmolaYmd","HTTP","0","(empty)","text/plain","-","0.000000","-","T","81","81","0","0","F","-","-","-","-","-","-"
"1591933038.655751","FdnCPP3MqCWLt91NK7","10.0.2.4","10.0.2.15","Ck784G350sqmolaYmd","HTTP","0","(empty)","text/html","-","0.000196","-","F","10908","-","0","0","F","-","-","-","-","-","-"
"1591933038.702477","FrSB6U1X6Mf7Q24An6","10.0.2.15","10.0.2.4","Cjyx1Y3uPKGfUbGqQc","HTTP","0","(empty)","text/plain","-","0.000000","-","T","88","88","0","0","F","-","-","-","-","-","-"
"1591933038.726468","FEs6wh4VGfsWLR5Ycl","10.0.2.4","10.0.2.15","Cjyx1Y3uPKGfUbGqQc","HTTP","0","(empty)","text/html","-","0.000248","-","F","10908","-","0","0","F","-","-","-","-","-","-"
"1591933038.762211","FSSQML2LnxbFqGH1y3","10.0.2.15","10.0.2.4","C1Inz32AlYVkpH5Hu9","HTTP","0","(empty)","text/plain","-","0.000000","-","T","95","95","0","0","F","-","-","-","-","-","-"
"1591933038.781518","FPlhOm2xsP2b8nxmB1","10.0.2.4","10.0.2.15","C1Inz32AlYVkpH5Hu9","HTTP","0","(empty)","text/html","-","0.000165","-","F","10908","-","0","0","F","-","-","-","-","-","-"
"1591933038.822674","FcMZQJ1xw1Y59EETR4","10.0.2.15","10.0.2.4","CVaNqhwOY9f7nMGu7","HTTP","0","(empty)","text/plain","-","0.000000","-","T","102","102","0","0","F","-","-","-","-","-","-"
"1591933038.842179","F52ID21Bldo3sHDRAi","10.0.2.4","10.0.2.15","CVaNqhwOY9f7nMGu7","HTTP","0","(empty)","text/html","-","0.000252","-","F","10908","-","0","0","F","-","-","-","-","-","-"
"1591933038.880190","F8rIUv216c8xPnVZC4","10.0.2.15","10.0.2.4","C2xQ6D2COj03RCUDXd","HTTP","0","(empty)","text/plain","-","0.000000","-","T","26","26","0","0","F","-","-","-","-","-","-"
"1591933038.904405","FTmEY244EGHFwTkVI2","10.0.2.4","10.0.2.15","C2xQ6D2COj03RCUDXd","HTTP","0","(empty)","text/html","-","0.000223","-","F","10908","-","0","0","F","-","-","-","-","-","-"
"1591933038.944399","FBhNti4DSSRnz1QjE4","10.0.2.15","10.0.2.4","C2tcf516wNjeCa6ITl","HTTP","0","(empty)","text/plain","-","0.000000","-","T","29","29","0","0","F","-","-","-","-","-","-"
"1591933038.967986","FuEPbE1GmrOQ2uH68a","10.0.2.4","10.0.2.15","C2tcf516wNjeCa6ITl","HTTP","0","(empty)","text/html","-","0.000254","-","F","10908","-","0","0","F","-","-","-","-","-","-"
"1591933039.006568","FPm2uz4Ji6sN35Ic9j","10.0.2.15","10.0.2.4","CIuMrt1tAhY3CusPz4","HTTP","0","(empty)","text/plain","-","0.000000","-","T","39","39","0","0","F","-","-","-","-","-","-"
"1591933039.024883","Fmz8BE1big8dFzM5df","10.0.2.4","10.0.2.15","CIuMrt1tAhY3CusPz4","HTTP","0","(empty)","text/html","-","0.000187","-","F","10908","-","0","0","F","-","-","-","-","-","-"
"1591933039.067668","FSyf6c4LkqgZZreWnl","10.0.2.15","10.0.2.4","CNQCg63JbiS2fn50hl","HTTP","0","(empty)","text/plain","-","0.000000","-","T","46","46","0","0","F","-","-","-","-","-","-"
"1591933039.085913","F1lm8oGgalWA1GjXi","10.0.2.4","10.0.2.15","CNQCg63JbiS2fn50hl","HTTP","0","(empty)","text/html","-","0.000194","-","F","10908","-","0","0","F","-","-","-","-","-","-"
"1591933039.128194","FBNceS1SuPYjBFuRLb","10.0.2.15","10.0.2.4","C6hf3k4BMbjO3EzFb","HTTP","0","(empty)","text/plain","-","0.000000","-","T","53","53","0","0","F","-","-","-","-","-","-"
"1591933039.153736","FW9jsF1w1iAyXxCPRj","10.0.2.4","10.0.2.15","C6hf3k4BMbjO3EzFb","HTTP","0","(empty)","text/html","-","0.000159","-","F","10908","-","0","0","F","-","-","-","-","-","-"
"1591933039.189756","FoKheRQBiB1b5Dl6d","10.0.2.15","10.0.2.4","CwFl3lvIkKXO5G3ub","HTTP","0","(empty)","text/plain","-","0.000000","-","T","60","60","0","0","F","-","-","-","-","-","-"
"1591933039.213770","Ffw7l9G6C3tlWfLKl","10.0.2.4","10.0.2.15","CwFl3lvIkKXO5G3ub","HTTP","0","(empty)","text/html","-","0.000182","-","F","10908","-","0","0","F","-","-","-","-","-","-"
"1591933039.259364","FDtGRO3uwQdfCCyAih","10.0.2.15","10.0.2.4","CLKR3o2kfEbjmDR9X6","HTTP","0","(empty)","text/plain","-","0.000000","-","T","67","67","0","0","F","-","-","-","-","-","-"
"1591933039.288657","FZ0ZRc42WD0Tc3mkpb","10.0.2.4","10.0.2.15","CLKR3o2kfEbjmDR9X6","HTTP","0","(empty)","text/html","-","0.000114","-","F","10908","-","0","0","F","-","-","-","-","-","-"
"1591933039.326965","FXY5Ge4lnIDJmD4RWe","10.0.2.15","10.0.2.4","CFtRo047l28FQ2ZoHa","HTTP","0","(empty)","text/plain","-","0.000000","-","T","74","74","0","0","F","-","-","-","-","-","-"
"1591933039.348512","FEAepI2IhFZQD4eiM1","10.0.2.4","10.0.2.15","CFtRo047l28FQ2ZoHa","HTTP","0","(empty)","text/html","-","0.000224","-","F","10908","-","0","0","F","-","-","-","-","-","-"
"1591933039.382719","F0yhH52wcVYxdEgZQk","10.0.2.15","10.0.2.4","C5m5OO2q2leBHu81Qg","HTTP","0","(empty)","text/plain","-","0.000000","-","T","81","81","0","0","F","-","-","-","-","-","-"
"1591933039.407229","F5tEZy323EP0PuYxO8","10.0.2.4","10.0.2.15","C5m5OO2q2leBHu81Qg","HTTP","0","(empty)","text/html","-","0.000162","-","F","10908","-","0","0","F","-","-","-","-","-","-"
"1591933039.441901","FdrySF1Z7RBeIcgLol","10.0.2.15","10.0.2.4","CZpHm73RiI7N4WD3b5","HTTP","0","(empty)","text/plain","-","0.000000","-","T","88","88","0","0","F","-","-","-","-","-","-"
"1591933039.461782","FNga201VHN0ZtUoPxl","10.0.2.4","10.0.2.15","CZpHm73RiI7N4WD3b5","HTTP","0","(empty)","text/html","-","0.000198","-","F","10908","-","0","0","F","-","-","-","-","-","-"
"1591933039.497533","FUDrSXD7Q6behcHl","10.0.2.15","10.0.2.4","CFUNLS29PS52Q6UEch","HTTP","0","(empty)","text/plain","-","0.000000","-","T","95","95","0","0","F","-","-","-","-","-","-"
"1591933039.517034","FhvQij4PmfM3xd8Vki","10.0.2.4","10.0.2.15","CFUNLS29PS52Q6UEch","HTTP","0","(empty)","text/html","-","0.000247","-","F","10908","-","0","0","F","-","-","-","-","-","-"
"1591933039.551805","FULlPv2osMpaYJSKYa","10.0.2.15","10.0.2.4","Cav21PLAkTFxmMIM5","HTTP","0","(empty)","text/plain","-","0.000000","-","T","102","102","0","0","F","-","-","-","-","-","-"
"1591933039.575934","FzanUCYZfQpV6QRyd","10.0.2.4","10.0.2.15","Cav21PLAkTFxmMIM5","HTTP","0","(empty)","text/html","-","0.000265","-","F","10908","-","0","0","F","-","-","-","-","-","-"
"1591933039.623615","Fvwrhiqk8IAAcAvtj","10.0.2.15","10.0.2.4","C3H6Dv2K35qou6fvKc","HTTP","0","(empty)","text/plain","-","0.000000","-","T","32","32","0","0","F","-","-","-","-","-","-"
"1591933039.663126","FRTJgG2CDq8mBOpiI8","10.0.2.4","10.0.2.15","C3H6Dv2K35qou6fvKc","HTTP","0","(empty)","text/html","-","0.000208","-","F","10908","-","0","0","F","-","-","-","-","-","-"
"1591933039.707093","FmV3SA3IUFGQQa8aEj","10.0.2.15","10.0.2.4","Cvh0b04QdOZLGXHXm2","HTTP","0","(empty)","text/plain","-","0.000000","-","T","35","35","0","0","F","-","-","-","-","-","-"
"1591933039.726892","FDFADhhXwJ77vk87a","10.0.2.4","10.0.2.15","Cvh0b04QdOZLGXHXm2","HTTP","0","(empty)","text/html","-","0.000200","-","F","10908","-","0","0","F","-","-","-","-","-","-"
"1591933039.770132","FOPc4i3AFGZ4MCt72","10.0.2.15","10.0.2.4","CTtfASZpOLhLUi5Dj","HTTP","0","(empty)","text/plain","-","0.000000","-","T","45","45","0","0","F","-","-","-","-","-","-"
"1591933039.794110","FLNSEQ39bd3cOSW58c","10.0.2.4","10.0.2.15","CTtfASZpOLhLUi5Dj","HTTP","0","(empty)","text/html","-","0.000252","-","F","10908","-","0","0","F","-","-","-","-","-","-"
"1591933039.829155","F9RVNU2Ni6nGG9C3Yc","10.0.2.15","10.0.2.4","CpXsoo1RUFv03SlTRc","HTTP","0","(empty)","text/plain","-","0.000000","-","T","52","52","0","0","F","-","-","-","-","-","-"
"1591933039.851818","F4pgng2UJSqNQk0DCg","10.0.2.4","10.0.2.15","CpXsoo1RUFv03SlTRc","HTTP","0","(empty)","text/html","-","0.000160","-","F","10908","-","0","0","F","-","-","-","-","-","-"
"1591933039.897876","FrpPfd4Qj0oMDHm9n8","10.0.2.15","10.0.2.4","CTZA3Y3NLtjP3xOip","HTTP","0","(empty)","text/plain","-","0.000000","-","T","59","59","0","0","F","-","-","-","-","-","-"
"1591933039.922317","F9jEIC2giXkWR8zuci","10.0.2.4","10.0.2.15","CTZA3Y3NLtjP3xOip","HTTP","0","(empty)","text/html","-","0.000136","-","F","10908","-","0","0","F","-","-","-","-","-","-"
"1591933039.971002","F0mnhC2D8js9EMSg17","10.0.2.15","10.0.2.4","C400cF4XuTW1ddZ0hb","HTTP","0","(empty)","text/plain","-","0.000000","-","T","66","66","0","0","F","-","-","-","-","-","-"
"1591933040.003984","FQTlTx4vv2Oo1l9UIk","10.0.2.4","10.0.2.15","C400cF4XuTW1ddZ0hb","HTTP","0","(empty)","text/html","-","0.000272","-","F","10908","-","0","0","F","-","-","-","-","-","-"
"1591933040.041593","FVpgXpJbD1bzdFVf6","10.0.2.15","10.0.2.4","CacCE2LhX7yWjATyd","HTTP","0","(empty)","text/plain","-","0.000000","-","T","73","73","0","0","F","-","-","-","-","-","-"
"1591933040.073593","FIYlpv3aG5oZxC6Z21","10.0.2.4","10.0.2.15","CacCE2LhX7yWjATyd","HTTP","0","(empty)","text/html","-","0.000203","-","F","10908","-","0","0","F","-","-","-","-","-","-"
"1591933040.125358","FWmbXP3c0rok70a3rh","10.0.2.15","10.0.2.4","C2o0yY1RyKiVsOQqFg","HTTP","0","(empty)","text/plain","-","0.000000","-","T","80","80","0","0","F","-","-","-","-","-","-"
"1591933040.190915","Fb3sGA3PffJV928M18","10.0.2.4","10.0.2.15","C2o0yY1RyKiVsOQqFg","HTTP","0","(empty)","text/html","-","0.000229","-","F","10908","-","0","0","F","-","-","-","-","-","-"
"1591933040.252865","FLq2Dy1XnzlS2cwfCd","10.0.2.15","10.0.2.4","CDw1Rf34zpYw9hGXD1","HTTP","0","(empty)","text/plain","-","0.000000","-","T","87","87","0","0","F","-","-","-","-","-","-"
"1591933040.282728","FnGrxa416jWnZ1ujge","10.0.2.4","10.0.2.15","CDw1Rf34zpYw9hGXD1","HTTP","0","(empty)","text/html","-","0.000156","-","F","10908","-","0","0","F","-","-","-","-","-","-"
"1591933040.328573","FXA9rc1y9rnjR3exq8","10.0.2.15","10.0.2.4","C10ofy25ZXfnPNgoV6","HTTP","0","(empty)","text/plain","-","0.000000","-","T","94","94","0","0","F","-","-","-","-","-","-"
"1591933040.347462","FSH5oa2VLLTyMiF0Jk","10.0.2.4","10.0.2.15","C10ofy25ZXfnPNgoV6","HTTP","0","(empty)","text/html","-","0.002287","-","F","10908","-","0","0","F","-","-","-","-","-","-"
"1591933040.386541","FUkAqklehOwyBAl16","10.0.2.15","10.0.2.4","C8fnJ64I26PYdkf9re","HTTP","0","(empty)","text/plain","-","0.000000","-","T","101","101","0","0","F","-","-","-","-","-","-"
"1591933040.409656","F1xIOU2C6G4zWj3qbb","10.0.2.4","10.0.2.15","C8fnJ64I26PYdkf9re","HTTP","0","(empty)","text/html","-","0.000166","-","F","10908","-","0","0","F","-","-","-","-","-","-"
"1591933040.445358","FcniHyKBFyiw7teO2","10.0.2.15","10.0.2.4","CbQDdZo73sRbkKQcg","HTTP","0","(empty)","text/plain","-","0.000000","-","T","108","108","0","0","F","-","-","-","-","-","-"
"1591933040.469632","FIU11i27DYixc4xOLe","10.0.2.4","10.0.2.15","CbQDdZo73sRbkKQcg","HTTP","0","(empty)","text/html","-","0.000219","-","F","10908","-","0","0","F","-","-","-","-","-","-"
"1591933040.504926","FMLRfvw2bbI9pHvKl","10.0.2.15","10.0.2.4","CoqPJK2ghCEdlkles2","HTTP","0","(empty)","text/plain","-","0.000000","-","T","29","29","0","0","F","-","-","-","-","-","-"
"1591933040.535492","FCmBO34piGpbO0ch86","10.0.2.4","10.0.2.15","CoqPJK2ghCEdlkles2","HTTP","0","(empty)","text/html","-","0.000197","-","F","10908","-","0","0","F","-","-","-","-","-","-"
"1591933040.577617","Fawv8G1fJxluuqjhc9","10.0.2.15","10.0.2.4","CzzBCK3AXPTZRvrGtj","HTTP","0","(empty)","text/plain","-","0.000000","-","T","32","32","0","0","F","-","-","-","-","-","-"
"1591933040.602297","FvLO6DNfm7a3Su6tl","10.0.2.4","10.0.2.15","CzzBCK3AXPTZRvrGtj","HTTP","0","(empty)","text/html","-","0.000172","-","F","10908","-","0","0","F","-","-","-","-","-","-"
"1591933040.643761","F14L1a3KQ0sWRb39Q4","10.0.2.15","10.0.2.4","C4aVGe3wktDuZW6Yfk","HTTP","0","(empty)","text/plain","-","0.000000","-","T","42","42","0","0","F","-","-","-","-","-","-"
"1591933040.677282","FId3aO2EnjAJdWWSj","10.0.2.4","10.0.2.15","C4aVGe3wktDuZW6Yfk","HTTP","0","(empty)","text/html","-","0.000474","-","F","10908","-","0","0","F","-","-","-","-","-","-"
"1591933040.728349","FGrkvp3e2I9Y2xvYd5","10.0.2.15","10.0.2.4","ChUl5q3MmxtOcooD99","HTTP","0","(empty)","text/plain","-","0.000000","-","T","49","49","0","0","F","-","-","-","-","-","-"
"1591933040.752339","FvD2GLXruWgYuaC0b","10.0.2.4","10.0.2.15","ChUl5q3MmxtOcooD99","HTTP","0","(empty)","text/html","-","0.000180","-","F","10908","-","0","0","F","-","-","-","-","-","-"
"1591933040.791482","F6TVui1rwG0em9Fugc","10.0.2.15","10.0.2.4","CXX63b4LDmkeXm6hYl","HTTP","0","(empty)","text/plain","-","0.000000","-","T","56","56","0","0","F","-","-","-","-","-","-"
"1591933040.815880","FZ04Fp5ZUlxvjDrT9","10.0.2.4","10.0.2.15","CXX63b4LDmkeXm6hYl","HTTP","0","(empty)","text/html","-","0.000267","-","F","10908","-","0","0","F","-","-","-","-","-","-"
"1591933040.877652","FBVb6u2xf9v905CIWi","10.0.2.15","10.0.2.4","CFJEDj10YNfIg26ULa","HTTP","0","(empty)","text/plain","-","0.000000","-","T","63","63","0","0","F","-","-","-","-","-","-"
"1591933040.898546","Fsr7z51aNMc16RrOnk","10.0.2.4","10.0.2.15","CFJEDj10YNfIg26ULa","HTTP","0","(empty)","text/html","-","0.000172","-","F","10908","-","0","0","F","-","-","-","-","-","-"
"1591933040.944967","FtVBKg1kU1VCx6PWMg","10.0.2.15","10.0.2.4","CzJIWr1gGhT4fcxQTd","HTTP","0","(empty)","text/plain","-","0.000000","-","T","70","70","0","0","F","-","-","-","-","-","-"
"1591933040.964813","FwK0fo2WepNyIvuFT1","10.0.2.4","10.0.2.15","CzJIWr1gGhT4fcxQTd","HTTP","0","(empty)","text/html","-","0.000214","-","F","10908","-","0","0","F","-","-","-","-","-","-"
"1591933040.998767","FPXHCQTD7sSYVH3K5","10.0.2.15","10.0.2.4","CthzXOy2fziNkUazl","HTTP","0","(empty)","text/plain","-","0.000000","-","T","77","77","0","0","F","-","-","-","-","-","-"
"1591933041.017826","FN5bjKZ4o0azEyYp4","10.0.2.4","10.0.2.15","CthzXOy2fziNkUazl","HTTP","0","(empty)","text/html","-","0.000255","-","F","10908","-","0","0","F","-","-","-","-","-","-"
"1591933041.079645","FbSFYV32cwTJ9J7pXc","10.0.2.15","10.0.2.4","CgZi6r4QZt2UZk0IW9","HTTP","0","(empty)","text/plain","-","0.000000","-","T","84","84","0","0","F","-","-","-","-","-","-"
"1591933041.103087","FQzy6d2d9DOlAvmdrg","10.0.2.4","10.0.2.15","CgZi6r4QZt2UZk0IW9","HTTP","0","(empty)","text/html","-","0.000244","-","F","10908","-","0","0","F","-","-","-","-","-","-"
"1591933041.136924","Fx3SaN2FDCvZ05IhBi","10.0.2.15","10.0.2.4","CRmzuz3nH8grQFmcjb","HTTP","0","(empty)","text/plain","-","0.000000","-","T","91","91","0","0","F","-","-","-","-","-","-"
"1591933041.172037","Fz7NBo4QSCEI3RR7hg","10.0.2.4","10.0.2.15","CRmzuz3nH8grQFmcjb","HTTP","0","(empty)","text/html","-","0.000167","-","F","10908","-","0","0","F","-","-","-","-","-","-"
"1591933041.228531","FxWCqKV9q5LdD8qYc","10.0.2.15","10.0.2.4","CKrBAs0cOSYynamG9","HTTP","0","(empty)","text/plain","-","0.000000","-","T","98","98","0","0","F","-","-","-","-","-","-"
"1591933041.265870","F5ol0I3WgU88GKg7Wi","10.0.2.4","10.0.2.15","CKrBAs0cOSYynamG9","HTTP","0","(empty)","text/html","-","0.000194","-","F","10908","-","0","0","F","-","-","-","-","-","-"
"1591933041.349895","FuJ4NN2GOQr2NvYYDf","10.0.2.15","10.0.2.4","CuBeEj1H35XQVMwwza","HTTP","0","(empty)","text/plain","-","0.000000","-","T","105","105","0","0","F","-","-","-","-","-","-"
"1591933041.375459","FVf4l8gk5ZBCbOu5k","10.0.2.4","10.0.2.15","CuBeEj1H35XQVMwwza","HTTP","0","(empty)","text/html","-","0.000203","-","F","10908","-","0","0","F","-","-","-","-","-","-"
"1591933041.417182","FXmVW444pJoI8YAlbj","10.0.2.15","10.0.2.4","COsuxY2DvH7xCSgkVl","HTTP","0","(empty)","text/plain","-","0.000000","-","T","32","32","0","0","F","-","-","-","-","-","-"
"1591933041.436100","FVmp663accErnuW4c","10.0.2.4","10.0.2.15","COsuxY2DvH7xCSgkVl","HTTP","0","(empty)","text/html","-","0.000198","-","F","10908","-","0","0","F","-","-","-","-","-","-"
"1591933041.476864","F57GeL2N2Us62VQ6kg","10.0.2.15","10.0.2.4","CzNzOQ2MXKcAGuffL9","HTTP","0","(empty)","text/plain","-","0.000000","-","T","35","35","0","0","F","-","-","-","-","-","-"
"1591933041.495940","FYZvEv1BpTpwCHu6m8","10.0.2.4","10.0.2.15","CzNzOQ2MXKcAGuffL9","HTTP","0","(empty)","text/html","-","0.000189","-","F","10908","-","0","0","F","-","-","-","-","-","-"
"1591933041.551786","F8lJdn2rdlErLtxq7a","10.0.2.15","10.0.2.4","Cc2pKW2j0LqJks8kld","HTTP","0","(empty)","text/plain","-","0.000000","-","T","45","45","0","0","F","-","-","-","-","-","-"
"1591933041.583370","Fqet0ZdXCaRKxKgH","10.0.2.4","10.0.2.15","Cc2pKW2j0LqJks8kld","HTTP","0","(empty)","text/html","-","0.000254","-","F","10908","-","0","0","F","-","-","-","-","-","-"
"1591933041.625931","FR0u2wacdUpwWaq49","10.0.2.15","10.0.2.4","CVZvlk13JBYyhmS8U","HTTP","0","(empty)","text/plain","-","0.000000","-","T","52","52","0","0","F","-","-","-","-","-","-"
"1591933041.671517","FncEga9uoKeRcFhie","10.0.2.4","10.0.2.15","CVZvlk13JBYyhmS8U","HTTP","0","(empty)","text/html","-","0.000268","-","F","10908","-","0","0","F","-","-","-","-","-","-"
"1591933041.714634","FptIGx14HmR6KOxR9j","10.0.2.15","10.0.2.4","CNxfJy1Tby6O1EQaw4","HTTP","0","(empty)","text/plain","-","0.000000","-","T","59","59","0","0","F","-","-","-","-","-","-"
"1591933041.737846","F51OJS1kZuq3b0XDng","10.0.2.4","10.0.2.15","CNxfJy1Tby6O1EQaw4","HTTP","0","(empty)","text/html","-","0.000207","-","F","10908","-","0","0","F","-","-","-","-","-","-"
"1591933041.774931","Fkbwf14bUT7axioVCb","10.0.2.15","10.0.2.4","CTb1tn22vG2GUzxgs4","HTTP","0","(empty)","text/plain","-","0.000000","-","T","66","66","0","0","F","-","-","-","-","-","-"
"1591933041.795069","FRfYTK2wjAVMnBvTPf","10.0.2.4","10.0.2.15","CTb1tn22vG2GUzxgs4","HTTP","0","(empty)","text/html","-","0.000197","-","F","10908","-","0","0","F","-","-","-","-","-","-"
"1591933041.829768","Fa1Ue03E4rHhw2wuw2","10.0.2.15","10.0.2.4","C1EPY72C36OyDBVRQj","HTTP","0","(empty)","text/plain","-","0.000000","-","T","73","73","0","0","F","-","-","-","-","-","-"
"1591933041.849684","Fqt4wt4yyvNDdNTxmj","10.0.2.4","10.0.2.15","C1EPY72C36OyDBVRQj","HTTP","0","(empty)","text/html","-","0.000186","-","F","10908","-","0","0","F","-","-","-","-","-","-"
"1591933041.885199","FODSPy1sAQmsUP66G7","10.0.2.15","10.0.2.4","CVCdOV34j04vuyLO39","HTTP","0","(empty)","text/plain","-","0.000000","-","T","80","80","0","0","F","-","-","-","-","-","-"
"1591933041.918327","Fq3XPQEQsTV5O1qLd","10.0.2.4","10.0.2.15","CVCdOV34j04vuyLO39","HTTP","0","(empty)","text/html","-","0.000206","-","F","10908","-","0","0","F","-","-","-","-","-","-"
"1591933041.953907","FYLLeSxzUlF5CbIph","10.0.2.15","10.0.2.4","CJWaZizjcdM2A6Kxb","HTTP","0","(empty)","text/plain","-","0.000000","-","T","87","87","0","0","F","-","-","-","-","-","-"
"1591933041.983939","Fq0lvtCGTpSFK5COa","10.0.2.4","10.0.2.15","CJWaZizjcdM2A6Kxb","HTTP","0","(empty)","text/html","-","0.000268","-","F","10908","-","0","0","F","-","-","-","-","-","-"
"1591933042.016902","FhXm0s20qWLvl0qSXg","10.0.2.15","10.0.2.4","C03k3xSA7U2OwozU2","HTTP","0","(empty)","text/plain","-","0.000000","-","T","94","94","0","0","F","-","-","-","-","-","-"
"1591933042.037091","FLomFWCUDuK1N1YY","10.0.2.4","10.0.2.15","C03k3xSA7U2OwozU2","HTTP","0","(empty)","text/html","-","0.000313","-","F","10908","-","0","0","F","-","-","-","-","-","-"
"1591933042.071162","FevLrj2ny4iu8FJfb8","10.0.2.15","10.0.2.4","CQ4njY2RtZyYWs4nq5","HTTP","0","(empty)","text/plain","-","0.000000","-","T","101","101","0","0","F","-","-","-","-","-","-"
"1591933042.094223","Fzc7J2a1FVqvHxKZ4","10.0.2.4","10.0.2.15","CQ4njY2RtZyYWs4nq5","HTTP","0","(empty)","text/html","-","0.000213","-","F","10908","-","0","0","F","-","-","-","-","-","-"
"1591933042.141860","FTSTYF3DsNuhHbe4Eh","10.0.2.15","10.0.2.4","Ckwpyo3srsfCgiYAl4","HTTP","0","(empty)","text/plain","-","0.000000","-","T","108","108","0","0","F","-","-","-","-","-","-"
"1591933042.207181","FjrTzz2NY2tn4Jjajh","10.0.2.4","10.0.2.15","Ckwpyo3srsfCgiYAl4","HTTP","0","(empty)","text/html","-","0.000204","-","F","10908","-","0","0","F","-","-","-","-","-","-"
"1591933042.267819","FX0bdq38VWJH72ZIi1","10.0.2.15","10.0.2.4","CNXfu113UJ1MR9PFnd","HTTP","0","(empty)","text/plain","-","0.000000","-","T","26","26","0","0","F","-","-","-","-","-","-"
"1591933042.300981","F9TFfLuULYtf8kXr4","10.0.2.4","10.0.2.15","CNXfu113UJ1MR9PFnd","HTTP","0","(empty)","text/html","-","0.000139","-","F","10908","-","0","0","F","-","-","-","-","-","-"
"1591933042.350613","FS4DKYNxuWpD7MMD2","10.0.2.15","10.0.2.4","CDdMXWslzxTrRXAZj","HTTP","0","(empty)","text/plain","-","0.000000","-","T","29","29","0","0","F","-","-","-","-","-","-"
"1591933042.374995","FflZfy2zHl4eboGCJg","10.0.2.4","10.0.2.15","CDdMXWslzxTrRXAZj","HTTP","0","(empty)","text/html","-","0.000152","-","F","10908","-","0","0","F","-","-","-","-","-","-"
"1591933042.463353","Fk1EDz2g0RnEDMskWj","10.0.2.15","10.0.2.4","CJiZTZ3XrEH5L4GpZ1","HTTP","0","(empty)","text/plain","-","0.000000","-","T","39","39","0","0","F","-","-","-","-","-","-"
"1591933042.492097","F3A94d2EqcttI1d1de","10.0.2.4","10.0.2.15","CJiZTZ3XrEH5L4GpZ1","HTTP","0","(empty)","text/html","-","0.000276","-","F","10908","-","0","0","F","-","-","-","-","-","-"
"1591933042.539849","FrhVkx2W54VyXQy1ek","10.0.2.15","10.0.2.4","COg0pB1vmlldWN2kye","HTTP","0","(empty)","text/plain","-","0.000000","-","T","46","46","0","0","F","-","-","-","-","-","-"
"1591933042.565047","FZaszNpK8kBomoRdj","10.0.2.4","10.0.2.15","COg0pB1vmlldWN2kye","HTTP","0","(empty)","text/html","-","0.000238","-","F","10908","-","0","0","F","-","-","-","-","-","-"
"1591933042.605690","FunPeS3wqTRjnHHjRd","10.0.2.15","10.0.2.4","CcINmD218FXpizvxOf","HTTP","0","(empty)","text/plain","-","0.000000","-","T","53","53","0","0","F","-","-","-","-","-","-"
"1591933042.630350","FptrLOA2uDkba46Mk","10.0.2.4","10.0.2.15","CcINmD218FXpizvxOf","HTTP","0","(empty)","text/html","-","0.000180","-","F","10908","-","0","0","F","-","-","-","-","-","-"
"1591933042.666076","Fzm4Bl1LQxjjXoz7w1","10.0.2.15","10.0.2.4","CvUCJN35UMASE6mAXj","HTTP","0","(empty)","text/plain","-","0.000000","-","T","60","60","0","0","F","-","-","-","-","-","-"
"1591933042.694698","FeSqan20qzmIaX8Ya","10.0.2.4","10.0.2.15","CvUCJN35UMASE6mAXj","HTTP","0","(empty)","text/html","-","0.000157","-","F","10908","-","0","0","F","-","-","-","-","-","-"
"1591933042.732274","FaLDvq1txFGxcRLZqa","10.0.2.15","10.0.2.4","CEVdPC37dF6ThtKuk2","HTTP","0","(empty)","text/plain","-","0.000000","-","T","67","67","0","0","F","-","-","-","-","-","-"
"1591933042.754402","FYiRBq1uWH0r2EKDDe","10.0.2.4","10.0.2.15","CEVdPC37dF6ThtKuk2","HTTP","0","(empty)","text/html","-","0.000193","-","F","10908","-","0","0","F","-","-","-","-","-","-"
"1591933042.807902","FqJFmP3EfkATSQRe37","10.0.2.15","10.0.2.4","CxEcsa2ZlSdTTw1rxh","HTTP","0","(empty)","text/plain","-","0.000000","-","T","74","74","0","0","F","-","-","-","-","-","-"
"1591933042.831877","F7klXB2SAz1XKkNjCh","10.0.2.4","10.0.2.15","CxEcsa2ZlSdTTw1rxh","HTTP","0","(empty)","text/html","-","0.000235","-","F","10908","-","0","0","F","-","-","-","-","-","-"
"1591933042.866847","FDtqPQu5jzjwbmUy1","10.0.2.15","10.0.2.4","CLz6d44CGiStMQsHs3","HTTP","0","(empty)","text/plain","-","0.000000","-","T","81","81","0","0","F","-","-","-","-","-","-"
"1591933042.891550","FoA4pZ130bPSLmOH1","10.0.2.4","10.0.2.15","CLz6d44CGiStMQsHs3","HTTP","0","(empty)","text/html","-","0.000129","-","F","10908","-","0","0","F","-","-","-","-","-","-"
"1591933042.928461","FeRwS32yHHkcD8PUj2","10.0.2.15","10.0.2.4","Cs4gKs27gQfQ9gaQkj","HTTP","0","(empty)","text/plain","-","0.000000","-","T","88","88","0","0","F","-","-","-","-","-","-"
"1591933042.953486","FjNCVD3NoFXfj79vMg","10.0.2.4","10.0.2.15","Cs4gKs27gQfQ9gaQkj","HTTP","0","(empty)","text/html","-","0.000185","-","F","10908","-","0","0","F","-","-","-","-","-","-"
"1591933042.988892","FDGr3v1LMphlEEJJX3","10.0.2.15","10.0.2.4","Cjxa3P2QNS8kP60VX","HTTP","0","(empty)","text/plain","-","0.000000","-","T","95","95","0","0","F","-","-","-","-","-","-"
"1591933043.023776","FVMSnR1NNMV2YMyHQ","10.0.2.4","10.0.2.15","Cjxa3P2QNS8kP60VX","HTTP","0","(empty)","text/html","-","0.000229","-","F","10908","-","0","0","F","-","-","-","-","-","-"
"1591933043.067497","FhshvC2X8BIRvwffTe","10.0.2.15","10.0.2.4","CTGSq74EhsMUTx3gce","HTTP","0","(empty)","text/plain","-","0.000000","-","T","102","102","0","0","F","-","-","-","-","-","-"
"1591933043.087055","F8juVO1fgRAm0KJvmi","10.0.2.4","10.0.2.15","CTGSq74EhsMUTx3gce","HTTP","0","(empty)","text/html","-","0.000214","-","F","10908","-","0","0","F","-","-","-","-","-","-"
"1591933043.122186","F41lS54hnJlBxSEiyk","10.0.2.15","10.0.2.4","CgVedW1pxgOm214mWg","HTTP","0","(empty)","text/plain","-","0.000000","-","T","23","23","0","0","F","-","-","-","-","-","-"
"1591933043.143582","F2PK8D29BJZUDQZHeg","10.0.2.4","10.0.2.15","CgVedW1pxgOm214mWg","HTTP","0","(empty)","text/html","-","0.000209","-","F","10908","-","0","0","F","-","-","-","-","-","-"
"1591933043.184263","Fvimaf1LthTkEBqKak","10.0.2.15","10.0.2.4","CaPd232wSlPKBmDBI","HTTP","0","(empty)","text/plain","-","0.000000","-","T","26","26","0","0","F","-","-","-","-","-","-"
"1591933043.218213","Fa1La6XWUZGexZwQi","10.0.2.4","10.0.2.15","CaPd232wSlPKBmDBI","HTTP","0","(empty)","text/html","-","0.000247","-","F","10908","-","0","0","F","-","-","-","-","-","-"
"1591933043.268070","Fs4glnMezAAuhGbM9","10.0.2.15","10.0.2.4","CbSBlsSGwxEwUExQ5","HTTP","0","(empty)","text/plain","-","0.000000","-","T","36","36","0","0","F","-","-","-","-","-","-"
"1591933043.298646","F7EsY71Qs37V5qO8o1","10.0.2.4","10.0.2.15","CbSBlsSGwxEwUExQ5","HTTP","0","(empty)","text/html","-","0.000242","-","F","10908","-","0","0","F","-","-","-","-","-","-"
"1591933043.334320","FM0BIz31T6GPWxsxB1","10.0.2.15","10.0.2.4","Ctdugl37tCU1ztwuW8","HTTP","0","(empty)","text/plain","-","0.000000","-","T","43","43","0","0","F","-","-","-","-","-","-"
"1591933043.353782","FP3gljVJLsyfu8YD7","10.0.2.4","10.0.2.15","Ctdugl37tCU1ztwuW8","HTTP","0","(empty)","text/html","-","0.000219","-","F","10908","-","0","0","F","-","-","-","-","-","-"
"1591933043.400024","FudKCa4gGm0eqlu5u","10.0.2.15","10.0.2.4","CAssaT6ESm2c1Inkk","HTTP","0","(empty)","text/plain","-","0.000000","-","T","50","50","0","0","F","-","-","-","-","-","-"
"1591933043.424983","FKDkIn3CHwiZwPWyQl","10.0.2.4","10.0.2.15","CAssaT6ESm2c1Inkk","HTTP","0","(empty)","text/html","-","0.000140","-","F","10908","-","0","0","F","-","-","-","-","-","-"
"1591933043.465526","FHYA942DyDLDVTwyg","10.0.2.15","10.0.2.4","CUelDc2DxaCCrVutWa","HTTP","0","(empty)","text/plain","-","0.000000","-","T","57","57","0","0","F","-","-","-","-","-","-"
"1591933043.486282","Fmun0V3gUUT8efIyc2","10.0.2.4","10.0.2.15","CUelDc2DxaCCrVutWa","HTTP","0","(empty)","text/html","-","0.000231","-","F","10908","-","0","0","F","-","-","-","-","-","-"
"1591933043.531624","FYgWEL17GKKPTfnDu5","10.0.2.15","10.0.2.4","C881Wc10JeOyJyirK2","HTTP","0","(empty)","text/plain","-","0.000000","-","T","64","64","0","0","F","-","-","-","-","-","-"
"1591933043.558127","FrADrJ2KFxp6DqOS8d","10.0.2.4","10.0.2.15","C881Wc10JeOyJyirK2","HTTP","0","(empty)","text/html","-","0.000198","-","F","10908","-","0","0","F","-","-","-","-","-","-"
"1591933043.601431","FX5Lwg3T0obsDW5XYb","10.0.2.15","10.0.2.4","CpODnxj4VynPLLFU8","HTTP","0","(empty)","text/plain","-","0.000000","-","T","71","71","0","0","F","-","-","-","-","-","-"
"1591933043.625157","FeJgxP1K8n1jIznoN3","10.0.2.4","10.0.2.15","CpODnxj4VynPLLFU8","HTTP","0","(empty)","text/html","-","0.000259","-","F","10908","-","0","0","F","-","-","-","-","-","-"
"1591933043.668288","FYfOHWPdtfliHmZPg","10.0.2.15","10.0.2.4","CcyRQI1L7PUHbUwJP6","HTTP","0","(empty)","text/plain","-","0.000000","-","T","78","78","0","0","F","-","-","-","-","-","-"
"1591933043.699030","FlamRf1vDlq4hZ8m96","10.0.2.4","10.0.2.15","CcyRQI1L7PUHbUwJP6","HTTP","0","(empty)","text/html","-","0.000179","-","F","10908","-","0","0","F","-","-","-","-","-","-"
"1591933043.754293","FoAhrA2Gk2YIZf9vGk","10.0.2.15","10.0.2.4","CPSJ8M3NyJi6yzoFj1","HTTP","0","(empty)","text/plain","-","0.000000","-","T","85","85","0","0","F","-","-","-","-","-","-"
"1591933043.776550","FQm2Df4WpZ1Qi3hAo","10.0.2.4","10.0.2.15","CPSJ8M3NyJi6yzoFj1","HTTP","0","(empty)","text/html","-","0.000197","-","F","10908","-","0","0","F","-","-","-","-","-","-"
"1591933043.814942","FXkNpr12J2JaNUv74l","10.0.2.15","10.0.2.4","C8Bprb15InHIOvVh05","HTTP","0","(empty)","text/plain","-","0.000000","-","T","92","92","0","0","F","-","-","-","-","-","-"
"1591933043.842269","FyklsX3d0T8dGotYal","10.0.2.4","10.0.2.15","C8Bprb15InHIOvVh05","HTTP","0","(empty)","text/html","-","0.000191","-","F","10908","-","0","0","F","-","-","-","-","-","-"
"1591933043.877212","FSDbqV1nmmq6TBNoza","10.0.2.15","10.0.2.4","C2PBWk2pU0GMQB0n29","HTTP","0","(empty)","text/plain","-","0.000000","-","T","99","99","0","0","F","-","-","-","-","-","-"
"1591933043.920209","FiyzBD177ZAU36xlv6","10.0.2.4","10.0.2.15","C2PBWk2pU0GMQB0n29","HTTP","0","(empty)","text/html","-","0.000369","-","F","10908","-","0","0","F","-","-","-","-","-","-"
"1591933043.965845","F6x7wI10UXe4JX9uQ6","10.0.2.15","10.0.2.4","CV6d3K2mTGq0nBWpll","HTTP","0","(empty)","text/plain","-","0.000000","-","T","23","23","0","0","F","-","-","-","-","-","-"
"1591933043.992501","F8JogW1fkh5NgSJz03","10.0.2.4","10.0.2.15","CV6d3K2mTGq0nBWpll","HTTP","0","(empty)","text/html","-","0.000176","-","F","10908","-","0","0","F","-","-","-","-","-","-"
"1591933044.032573","FbQ50b4TkMw1r1ENZ9","10.0.2.15","10.0.2.4","C16jUWjIPjQTZFYT1","HTTP","0","(empty)","text/plain","-","0.000000","-","T","26","26","0","0","F","-","-","-","-","-","-"
"1591933044.054105","FpIrzR1z8TVN7H3wLg","10.0.2.4","10.0.2.15","C16jUWjIPjQTZFYT1","HTTP","0","(empty)","text/html","-","0.000228","-","F","10908","-","0","0","F","-","-","-","-","-","-"
"1591933044.115093","FeMrO62rAQ6oCY51d","10.0.2.15","10.0.2.4","CezR2b2gA2dC8WB4n8","HTTP","0","(empty)","text/plain","-","0.000000","-","T","36","36","0","0","F","-","-","-","-","-","-"
"1591933044.140503","FYv8J83Sn773WRwtg3","10.0.2.4","10.0.2.15","CezR2b2gA2dC8WB4n8","HTTP","0","(empty)","text/html","-","0.000167","-","F","10908","-","0","0","F","-","-","-","-","-","-"
"1591933044.177676","F2LDf34Q40WziyRgd4","10.0.2.15","10.0.2.4","CRyA0t4zryfp5ZxXT3","HTTP","0","(empty)","text/plain","-","0.000000","-","T","43","43","0","0","F","-","-","-","-","-","-"
"1591933044.207183","FZWiFh4fX1t3NbXY7c","10.0.2.4","10.0.2.15","CRyA0t4zryfp5ZxXT3","HTTP","0","(empty)","text/html","-","0.000165","-","F","10908","-","0","0","F","-","-","-","-","-","-"
"1591933044.262630","FCsuUK2sexCytaP1Xe","10.0.2.15","10.0.2.4","CWxzu62JNIkvZasIQ9","HTTP","0","(empty)","text/plain","-","0.000000","-","T","50","50","0","0","F","-","-","-","-","-","-"
"1591933044.299619","FmeQ374lwG42wyaASb","10.0.2.4","10.0.2.15","CWxzu62JNIkvZasIQ9","HTTP","0","(empty)","text/html","-","0.000132","-","F","10908","-","0","0","F","-","-","-","-","-","-"
"1591933044.369789","FZ0I4JhQRIfEQEFof","10.0.2.15","10.0.2.4","C8xZEj2Gi6JcdiqAF7","HTTP","0","(empty)","text/plain","-","0.000000","-","T","57","57","0","0","F","-","-","-","-","-","-"
"1591933044.388858","F8uA6C3sPxhtDFXXzc","10.0.2.4","10.0.2.15","C8xZEj2Gi6JcdiqAF7","HTTP","0","(empty)","text/html","-","0.000176","-","F","10908","-","0","0","F","-","-","-","-","-","-"
"1591933044.424234","Fvn7Qy1xFTKnx7XsP1","10.0.2.15","10.0.2.4","CYnBdU3qilIdRhJSI6","HTTP","0","(empty)","text/plain","-","0.000000","-","T","64","64","0","0","F","-","-","-","-","-","-"
"1591933044.453154","FnETz33ZuJsN3a9kOb","10.0.2.4","10.0.2.15","CYnBdU3qilIdRhJSI6","HTTP","0","(empty)","text/html","-","0.000140","-","F","10908","-","0","0","F","-","-","-","-","-","-"
"1591933044.492292","FPAsIwF42ri33sc7","10.0.2.15","10.0.2.4","CQtRDE15ASrEdENbY1","HTTP","0","(empty)","text/plain","-","0.000000","-","T","71","71","0","0","F","-","-","-","-","-","-"
"1591933044.514296","F4vJXu1oFcfoPPPygb","10.0.2.4","10.0.2.15","CQtRDE15ASrEdENbY1","HTTP","0","(empty)","text/html","-","0.000199","-","F","10908","-","0","0","F","-","-","-","-","-","-"
"1591933044.551434","FXyvdS2K6QNfcc9xYb","10.0.2.15","10.0.2.4","CxAIPr2aVCObptUI54","HTTP","0","(empty)","text/plain","-","0.000000","-","T","78","78","0","0","F","-","-","-","-","-","-"
"1591933044.570651","Fin1JQ12x4SjBE0wbd","10.0.2.4","10.0.2.15","CxAIPr2aVCObptUI54","HTTP","0","(empty)","text/html","-","0.000236","-","F","10908","-","0","0","F","-","-","-","-","-","-"
"1591933044.606177","FYfPUF3atqsqx4m7v4","10.0.2.15","10.0.2.4","Cq3S8D2rJOfTkASQVd","HTTP","0","(empty)","text/plain","-","0.000000","-","T","85","85","0","0","F","-","-","-","-","-","-"
"1591933044.629255","FpVM6j25Fp49dmpQBh","10.0.2.4","10.0.2.15","Cq3S8D2rJOfTkASQVd","HTTP","0","(empty)","text/html","-","0.000230","-","F","10908","-","0","0","F","-","-","-","-","-","-"
"1591933044.666098","Fc2E8E4wVQPrKloX61","10.0.2.15","10.0.2.4","CdLxWd3sRJmqlGQ4ek","HTTP","0","(empty)","text/plain","-","0.000000","-","T","92","92","0","0","F","-","-","-","-","-","-"
"1591933044.697641","FbqIEp2hHW7FSJc2Kk","10.0.2.4","10.0.2.15","CdLxWd3sRJmqlGQ4ek","HTTP","0","(empty)","text/html","-","0.000151","-","F","10908","-","0","0","F","-","-","-","-","-","-"
"1591933044.745545","FCRNz34yzuXK1qJoC","10.0.2.15","10.0.2.4","CBduzP2LAopD1bnqL1","HTTP","0","(empty)","text/plain","-","0.000000","-","T","99","99","0","0","F","-","-","-","-","-","-"
"1591933044.790298","F9HFYB3Htj5UiIZ5Ec","10.0.2.4","10.0.2.15","CBduzP2LAopD1bnqL1","HTTP","0","(empty)","text/html","-","0.000207","-","F","10908","-","0","0","F","-","-","-","-","-","-"
"1591933044.838857","FA7wz1r3uMo6TJhBh","10.0.2.15","10.0.2.4","CPFMnS3RdqbilSo5Q9","HTTP","0","(empty)","text/plain","-","0.000000","-","T","29","29","0","0","F","-","-","-","-","-","-"
"1591933044.862471","FR7dFY23cf9BdgCaIc","10.0.2.4","10.0.2.15","CPFMnS3RdqbilSo5Q9","HTTP","0","(empty)","text/html","-","0.000185","-","F","10908","-","0","0","F","-","-","-","-","-","-"
"1591933044.905026","FNlJ1F1oSv0kvyAaJ9","10.0.2.15","10.0.2.4","C2fcJ63otXAzeV31P9","HTTP","0","(empty)","text/plain","-","0.000000","-","T","32","32","0","0","F","-","-","-","-","-","-"
"1591933044.928045","Fs7SfUPZsFqmQlT3j","10.0.2.4","10.0.2.15","C2fcJ63otXAzeV31P9","HTTP","0","(empty)","text/html","-","0.000205","-","F","10908","-","0","0","F","-","-","-","-","-","-"
"1591933044.966284","FaUMUZ3V43Bcuzyvn4","10.0.2.15","10.0.2.4","CAEKSF4ldsCdALNPaa","HTTP","0","(empty)","text/plain","-","0.000000","-","T","42","42","0","0","F","-","-","-","-","-","-"
"1591933044.985422","Fqc8da32hffAE2Qvve","10.0.2.4","10.0.2.15","CAEKSF4ldsCdALNPaa","HTTP","0","(empty)","text/html","-","0.000187","-","F","10908","-","0","0","F","-","-","-","-","-","-"
"1591933045.041079","FJrLX716z9S3o4bm4e","10.0.2.15","10.0.2.4","CnqhRl279gh0ja8RZ1","HTTP","0","(empty)","text/plain","-","0.000000","-","T","49","49","0","0","F","-","-","-","-","-","-"
"1591933045.064877","FdSAM64WwggJFwAeWh","10.0.2.4","10.0.2.15","CnqhRl279gh0ja8RZ1","HTTP","0","(empty)","text/html","-","0.000245","-","F","10908","-","0","0","F","-","-","-","-","-","-"
"1591933045.098944","FGSw6r4ClKGCvPhToa","10.0.2.15","10.0.2.4","C2Vdk70AlUERUqcVk","HTTP","0","(empty)","text/plain","-","0.000000","-","T","56","56","0","0","F","-","-","-","-","-","-"
"1591933045.117494","Fk6QtR3danJnOJc2qj","10.0.2.4","10.0.2.15","C2Vdk70AlUERUqcVk","HTTP","0","(empty)","text/html","-","0.000254","-","F","10908","-","0","0","F","-","-","-","-","-","-"
"1591933045.152421","FfVYl02kxb6E4mNTC1","10.0.2.15","10.0.2.4","CKsvJi4Wlg124SXEI3","HTTP","0","(empty)","text/plain","-","0.000000","-","T","63","63","0","0","F","-","-","-","-","-","-"
"1591933045.183667","F7xShu3fv9RDwbmM68","10.0.2.4","10.0.2.15","CKsvJi4Wlg124SXEI3","HTTP","0","(empty)","text/html","-","0.000177","-","F","10908","-","0","0","F","-","-","-","-","-","-"
"1591933045.228248","FWlZIM1koDd2DCQIGj","10.0.2.15","10.0.2.4","CmXr6BLwdiHB1iCM7","HTTP","0","(empty)","text/plain","-","0.000000","-","T","70","70","0","0","F","-","-","-","-","-","-"
"1591933045.258147","F70kO04aqFC9dm03D8","10.0.2.4","10.0.2.15","CmXr6BLwdiHB1iCM7","HTTP","0","(empty)","text/html","-","0.000203","-","F","10908","-","0","0","F","-","-","-","-","-","-"
"1591933045.317541","Ft8qwi1sAxQ1FuGT5b","10.0.2.15","10.0.2.4","C6ZlRV21JEMpv2qSU4","HTTP","0","(empty)","text/plain","-","0.000000","-","T","77","77","0","0","F","-","-","-","-","-","-"
"1591933045.347573","Fu8qnsGgdIY9SAZF1","10.0.2.4","10.0.2.15","C6ZlRV21JEMpv2qSU4","HTTP","0","(empty)","text/html","-","0.000166","-","F","10908","-","0","0","F","-","-","-","-","-","-"
"1591933045.381403","FYCXRo4EB5fsD1qL18","10.0.2.15","10.0.2.4","CV6iBr4VTFz0qQAyTl","HTTP","0","(empty)","text/plain","-","0.000000","-","T","84","84","0","0","F","-","-","-","-","-","-"
"1591933045.405312","Fr437iB7BuZSSXEn8","10.0.2.4","10.0.2.15","CV6iBr4VTFz0qQAyTl","HTTP","0","(empty)","text/html","-","0.000178","-","F","10908","-","0","0","F","-","-","-","-","-","-"
"1591933045.440533","FFwCmk1d4fIoRwy5y9","10.0.2.15","10.0.2.4","CrXCEJ2jiNC8zf4EH2","HTTP","0","(empty)","text/plain","-","0.000000","-","T","91","91","0","0","F","-","-","-","-","-","-"
"1591933045.459186","FpzlcNfHRpqYUboud","10.0.2.4","10.0.2.15","CrXCEJ2jiNC8zf4EH2","HTTP","0","(empty)","text/html","-","0.000181","-","F","10908","-","0","0","F","-","-","-","-","-","-"
"1591933045.497747","FFJi4H3uTNe5VMyXJk","10.0.2.15","10.0.2.4","C113Xn1cYdrj2dtgKl","HTTP","0","(empty)","text/plain","-","0.000000","-","T","98","98","0","0","F","-","-","-","-","-","-"
"1591933045.517383","FqiEdQ20kKCK2YTgm6","10.0.2.4","10.0.2.15","C113Xn1cYdrj2dtgKl","HTTP","0","(empty)","text/html","-","0.000205","-","F","10908","-","0","0","F","-","-","-","-","-","-"
"1591933045.551939","FubukE3O37K4n451ye","10.0.2.15","10.0.2.4","C1UPF23ce7vQw6Utdg","HTTP","0","(empty)","text/plain","-","0.000000","-","T","105","105","0","0","F","-","-","-","-","-","-"
"1591933045.575833","FaehFY3zlJWh5GAX5g","10.0.2.4","10.0.2.15","C1UPF23ce7vQw6Utdg","HTTP","0","(empty)","text/html","-","0.000218","-","F","10908","-","0","0","F","-","-","-","-","-","-"
"1591933045.612978","F39gPq1WRFn4bCrEb","10.0.2.15","10.0.2.4","CBsO981kMLEC8Vw478","HTTP","0","(empty)","text/plain","-","0.000000","-","T","26","26","0","0","F","-","-","-","-","-","-"
"1591933045.635712","FrAthX1AbjMwlgK5lk","10.0.2.4","10.0.2.15","CBsO981kMLEC8Vw478","HTTP","0","(empty)","text/html","-","0.000262","-","F","10908","-","0","0","F","-","-","-","-","-","-"
"1591933045.676761","FSsqyT2CjYy2hmHvo1","10.0.2.15","10.0.2.4","C3F44e2NAaxnVpkHxj","HTTP","0","(empty)","text/plain","-","0.000000","-","T","29","29","0","0","F","-","-","-","-","-","-"
"1591933045.704239","FavPSLuPWOOVdF829","10.0.2.4","10.0.2.15","C3F44e2NAaxnVpkHxj","HTTP","0","(empty)","text/html","-","0.000208","-","F","10908","-","0","0","F","-","-","-","-","-","-"
"1591933045.744662","FnccTd1PEgFcrwp1g","10.0.2.15","10.0.2.4","Cc8pAr2qJ4QTlcBONe","HTTP","0","(empty)","text/plain","-","0.000000","-","T","39","39","0","0","F","-","-","-","-","-","-"
"1591933045.776613","FvgSqv3V2ZOBGozDcd","10.0.2.4","10.0.2.15","Cc8pAr2qJ4QTlcBONe","HTTP","0","(empty)","text/html","-","0.000239","-","F","10908","-","0","0","F","-","-","-","-","-","-"
"1591933045.811876","FB1Vwm211nwlXdq3h4","10.0.2.15","10.0.2.4","CeJUuZ1C4HJON6MUC4","HTTP","0","(empty)","text/plain","-","0.000000","-","T","46","46","0","0","F","-","-","-","-","-","-"
"1591933045.838318","FYLM4B19yP9xDsplo7","10.0.2.4","10.0.2.15","CeJUuZ1C4HJON6MUC4","HTTP","0","(empty)","text/html","-","0.000203","-","F","10908","-","0","0","F","-","-","-","-","-","-"
"1591933045.872188","FP1I2X3fGeb5T7CKjb","10.0.2.15","10.0.2.4","C7X5Hj2I7RYJ7x21aj","HTTP","0","(empty)","text/plain","-","0.000000","-","T","53","53","0","0","F","-","-","-","-","-","-"
"1591933045.898194","FkiJbM2o26K4ftMA5g","10.0.2.4","10.0.2.15","C7X5Hj2I7RYJ7x21aj","HTTP","0","(empty)","text/html","-","0.000147","-","F","10908","-","0","0","F","-","-","-","-","-","-"
"1591933045.949718","F9fmeo4dJbs0TnQgTf","10.0.2.15","10.0.2.4","C2ldVq3EATVpO2P2gl","HTTP","0","(empty)","text/plain","-","0.000000","-","T","60","60","0","0","F","-","-","-","-","-","-"
"1591933045.968975","FN2Mpe21AhY3R3fuj1","10.0.2.4","10.0.2.15","C2ldVq3EATVpO2P2gl","HTTP","0","(empty)","text/html","-","0.000258","-","F","10908","-","0","0","F","-","-","-","-","-","-"
"1591933046.003795","FaABfd1nuJ4iSziTZb","10.0.2.15","10.0.2.4","CpevvKdQ5mTwtC4ld","HTTP","0","(empty)","text/plain","-","0.000000","-","T","67","67","0","0","F","-","-","-","-","-","-"
"1591933046.026242","FM8SQK1GIgihpHItbb","10.0.2.4","10.0.2.15","CpevvKdQ5mTwtC4ld","HTTP","0","(empty)","text/html","-","0.000178","-","F","10908","-","0","0","F","-","-","-","-","-","-"
"1591933046.060490","FSO1SQ2vCbqXs52wE7","10.0.2.15","10.0.2.4","CDigRQ3b5CylD8fBR2","HTTP","0","(empty)","text/plain","-","0.000000","-","T","74","74","0","0","F","-","-","-","-","-","-"
"1591933046.082913","Fy8Lg54Nbvtag5JGd4","10.0.2.4","10.0.2.15","CDigRQ3b5CylD8fBR2","HTTP","0","(empty)","text/html","-","0.000185","-","F","10908","-","0","0","F","-","-","-","-","-","-"
"1591933046.117083","FL14Ki1Sg8KvF9DVA","10.0.2.15","10.0.2.4","CDejeViMOpxzNQt0b","HTTP","0","(empty)","text/plain","-","0.000000","-","T","81","81","0","0","F","-","-","-","-","-","-"
"1591933046.134961","F9PG1y3chWlIW7FUt8","10.0.2.4","10.0.2.15","CDejeViMOpxzNQt0b","HTTP","0","(empty)","text/html","-","0.000223","-","F","10908","-","0","0","F","-","-","-","-","-","-"
"1591933046.170628","F9My3j3g10WAGVlQce","10.0.2.15","10.0.2.4","CNTuAf3x31JU6lJail","HTTP","0","(empty)","text/plain","-","0.000000","-","T","88","88","0","0","F","-","-","-","-","-","-"
"1591933046.188680","F9fTdWQmSJ3JbKsn4","10.0.2.4","10.0.2.15","CNTuAf3x31JU6lJail","HTTP","0","(empty)","text/html","-","0.000195","-","F","10908","-","0","0","F","-","-","-","-","-","-"
"1591933046.225093","FNjieV1EFXgNnO2E5f","10.0.2.15","10.0.2.4","CUmIFT3nswIJN5LQc9","HTTP","0","(empty)","text/plain","-","0.000000","-","T","95","95","0","0","F","-","-","-","-","-","-"
"1591933046.255711","F3iyhV1g17jMymld77","10.0.2.4","10.0.2.15","CUmIFT3nswIJN5LQc9","HTTP","0","(empty)","text/html","-","0.000197","-","F","10908","-","0","0","F","-","-","-","-","-","-"
"1591933046.294608","F0fEID2SXhJ4gpUdy3","10.0.2.15","10.0.2.4","CJgkggnD3bgmEEC6l","HTTP","0","(empty)","text/plain","-","0.000000","-","T","102","102","0","0","F","-","-","-","-","-","-"
"1591933046.323242","FbxUPawUjg7OYkFol","10.0.2.4","10.0.2.15","CJgkggnD3bgmEEC6l","HTTP","0","(empty)","text/html","-","0.000227","-","F","10908","-","0","0","F","-","-","-","-","-","-"
"1591933046.359055","FkE5jV1zvNgrqmkKXe","10.0.2.15","10.0.2.4","CYBKX31Vt1Mb1Zo3Wl","HTTP","0","(empty)","text/plain","-","0.000000","-","T","29","29","0","0","F","-","-","-","-","-","-"
"1591933046.382286","Ftgi39HA9LCq85d0d","10.0.2.4","10.0.2.15","CYBKX31Vt1Mb1Zo3Wl","HTTP","0","(empty)","text/html","-","0.000214","-","F","10908","-","0","0","F","-","-","-","-","-","-"
"1591933046.422801","FRVgU03DfrwJmMyN8i","10.0.2.15","10.0.2.4","CFsHFv1bA1n8AcAdL4","HTTP","0","(empty)","text/plain","-","0.000000","-","T","32","32","0","0","F","-","-","-","-","-","-"
"1591933046.446629","FtEeDZ2vZKtMuOl2K7","10.0.2.4","10.0.2.15","CFsHFv1bA1n8AcAdL4","HTTP","0","(empty)","text/html","-","0.000194","-","F","10908","-","0","0","F","-","-","-","-","-","-"
"1591933046.485447","F0V0ko16BuGMWR6Oll","10.0.2.15","10.0.2.4","C7Xob34MesYV6CmMZ","HTTP","0","(empty)","text/plain","-","0.000000","-","T","42","42","0","0","F","-","-","-","-","-","-"
"1591933046.511824","FCvS1c31aDDVoYYCGc","10.0.2.4","10.0.2.15","C7Xob34MesYV6CmMZ","HTTP","0","(empty)","text/html","-","0.000411","-","F","10908","-","0","0","F","-","-","-","-","-","-"
"1591933046.555697","F5H66h4OUmOz39m0Ia","10.0.2.15","10.0.2.4","C9CyyTr3WMz1WvYg1","HTTP","0","(empty)","text/plain","-","0.000000","-","T","49","49","0","0","F","-","-","-","-","-","-"
"1591933046.574704","FN4JiCDyIK5h7lc5b","10.0.2.4","10.0.2.15","C9CyyTr3WMz1WvYg1","HTTP","0","(empty)","text/html","-","0.000212","-","F","10908","-","0","0","F","-","-","-","-","-","-"
"1591933046.611025","Fhg1Yv1pNwLjWfESqg","10.0.2.15","10.0.2.4","Cal8bv27xznFWLwPk4","HTTP","0","(empty)","text/plain","-","0.000000","-","T","56","56","0","0","F","-","-","-","-","-","-"
"1591933046.629832","F161eq3Yu7oUlxbRUl","10.0.2.4","10.0.2.15","Cal8bv27xznFWLwPk4","HTTP","0","(empty)","text/html","-","0.000199","-","F","10908","-","0","0","F","-","-","-","-","-","-"
"1591933046.666348","FIwIzI2nbXDBqSA9Be","10.0.2.15","10.0.2.4","CacZ2k13yGdji1Qsia","HTTP","0","(empty)","text/plain","-","0.000000","-","T","63","63","0","0","F","-","-","-","-","-","-"
"1591933046.690453","FEgtQUqI0OgT85Mok","10.0.2.4","10.0.2.15","CacZ2k13yGdji1Qsia","HTTP","0","(empty)","text/html","-","0.000209","-","F","10908","-","0","0","F","-","-","-","-","-","-"
"1591933046.726419","FpXhneIuiN07SanL1","10.0.2.15","10.0.2.4","Cnjhbw2AhUqiSQMAOb","HTTP","0","(empty)","text/plain","-","0.000000","-","T","70","70","0","0","F","-","-","-","-","-","-"
"1591933046.753480","FUyE5g3strHsLLGjG1","10.0.2.4","10.0.2.15","Cnjhbw2AhUqiSQMAOb","HTTP","0","(empty)","text/html","-","0.000497","-","F","10908","-","0","0","F","-","-","-","-","-","-"
"1591933046.791651","FjSfFv3eHcNprnyyN8","10.0.2.15","10.0.2.4","Cm1c2LqUnHj5op7Cf","HTTP","0","(empty)","text/plain","-","0.000000","-","T","77","77","0","0","F","-","-","-","-","-","-"
"1591933046.817458","FkEO2P2ACP1tURA5Qh","10.0.2.4","10.0.2.15","Cm1c2LqUnHj5op7Cf","HTTP","0","(empty)","text/html","-","0.000231","-","F","10908","-","0","0","F","-","-","-","-","-","-"
"1591933046.851088","F6TQGj18Hz0QNfRyRa","10.0.2.15","10.0.2.4","CbYg9K1qwCtyolpicg","HTTP","0","(empty)","text/plain","-","0.000000","-","T","84","84","0","0","F","-","-","-","-","-","-"
"1591933046.873867","FvDyVd3YaFYvxUgK71","10.0.2.4","10.0.2.15","CbYg9K1qwCtyolpicg","HTTP","0","(empty)","text/html","-","0.000229","-","F","10908","-","0","0","F","-","-","-","-","-","-"
"1591933046.908827","FE17782xue5F14He58","10.0.2.15","10.0.2.4","CrX2lC3jKaDif94FXg","HTTP","0","(empty)","text/plain","-","0.000000","-","T","91","91","0","0","F","-","-","-","-","-","-"
"1591933046.932202","FZUxkD3dQNcHUdR4e1","10.0.2.4","10.0.2.15","CrX2lC3jKaDif94FXg","HTTP","0","(empty)","text/html","-","0.000224","-","F","10908","-","0","0","F","-","-","-","-","-","-"
"1591933046.965272","FlYYAZTpLUxWThG81","10.0.2.15","10.0.2.4","CG817r11fzYqnPsEN1","HTTP","0","(empty)","text/plain","-","0.000000","-","T","98","98","0","0","F","-","-","-","-","-","-"
"1591933046.988840","F9qanD4bJyxFFKBIj8","10.0.2.4","10.0.2.15","CG817r11fzYqnPsEN1","HTTP","0","(empty)","text/html","-","0.000247","-","F","10908","-","0","0","F","-","-","-","-","-","-"
"1591933047.022282","F3Xj2J3WxmHbVpsF9j","10.0.2.15","10.0.2.4","CKV3mM2WrCB7ihnNxf","HTTP","0","(empty)","text/plain","-","0.000000","-","T","105","105","0","0","F","-","-","-","-","-","-"
"1591933047.045472","FCskeV3ceIvGiiXSYa","10.0.2.4","10.0.2.15","CKV3mM2WrCB7ihnNxf","HTTP","0","(empty)","text/html","-","0.000198","-","F","10908","-","0","0","F","-","-","-","-","-","-"
"1591933071.751905","FjddcI2qxhfuDF9RJ4","10.0.2.4","10.0.2.15","CH2Jm91TgBc511a9h","HTTP","0","(empty)","text/html","-","0.000000","-","F","10908","-","0","0","F","-","-","-","-","-","-"
"1591933074.539418","FjDec82BpL0SXEcFuf","10.0.2.4","10.0.2.15","CH2Jm91TgBc511a9h","HTTP","0","(empty)","text/html","-","0.000000","-","F","10908","-","0","0","F","-","-","-","-","-","-"