"ts","uid","id_orig_h","id_orig_p","id_resp_h","id_resp_p","trans_depth","method","host","uri","referrer","version","user_agent","request_body_len","response_body_len","status_code","status_msg","info_code","info_msg","tags","username","password","proxied","orig_fuids","orig_filenames","orig_mime_types","resp_fuids","resp_filenames","resp_mime_types"
"1593625701.042938","CSP4R6VkGikapqnEi","10.0.2.15","42301","10.0.2.5","80","1","GET","10.0.2.5","/","-","1.1","Mozilla/5.0 [en] (X11, U; OpenVAS-VT 9.0.3)","0","10918","200","OK","-","-","(empty)","-","-","-","-","-","-","FaU3es43VomuXhSfG9","-"
"1593625701.052135","CwhlKtIpyrEZ2SPZ4","10.0.2.15","39557","10.0.2.5","80","1","GET","10.0.2.5","/","-","1.1","Mozilla/5.0 [en] (X11, U; OpenVAS-VT 9.0.3)","0","10918","200","OK","-","-","(empty)","-","-","-","-","-","-","F7YoKi1N4w8tXrrFmg","-"
"1593625701.056086","CwhlKtIpyrEZ2SPZ4","10.0.2.15","39557","10.0.2.5","80","2","GET","10.0.2.5","/index.html","-","1.1","Mozilla/5.0 [en] (X11, U; OpenVAS-VT 9.0.3)","0","10918","200","OK","-","-","(empty)","-","-","-","-","-","-","FtURJa4GlIWtAPE6Sl","-"
"1593625701.060911","CwhlKtIpyrEZ2SPZ4","10.0.2.15","39557","10.0.2.5","80","3","GET","10.0.2.5","/general/information.html?kind=item","-","1.1","Mozilla/5.0 [en] (X11, U; OpenVAS-VT 9.0.3)","0","270","404","Not Found","-","-","(empty)","-","-","-","-","-","-","FZNO01EHJvw4RF0v7","-"
"1593625701.065811","CwhlKtIpyrEZ2SPZ4","10.0.2.15","39557","10.0.2.5","80","4","GET","10.0.2.5","/wcd/top.xml","-","1.1","Mozilla/5.0 [en] (X11, U; OpenVAS-VT 9.0.3)","0","270","404","Not Found","-","-","(empty)","-","-","-","-","-","-","Ft2XLA2QpNOP8LJPv2","-"
"1593625701.068979","CwhlKtIpyrEZ2SPZ4","10.0.2.15","39557","10.0.2.5","80","5","GET","10.0.2.5","/wcd/system.xml","-","1.1","Mozilla/5.0 [en] (X11, U; OpenVAS-VT 9.0.3)","0","270","404","Not Found","-","-","(empty)","-","-","-","-","-","-","FzChdE3R2JsVpPNvTf","-"
"1593625701.075961","CwhlKtIpyrEZ2SPZ4","10.0.2.15","39557","10.0.2.5","80","6","GET","10.0.2.5","/wcd/system_device.xml","-","1.1","Mozilla/5.0 [en] (X11, U; OpenVAS-VT 9.0.3)","0","270","404","Not Found","-","-","(empty)","-","-","-","-","-","-","FVFwxy2zbrhakVGSs8","-"
"1593625701.079027","CwhlKtIpyrEZ2SPZ4","10.0.2.15","39557","10.0.2.5","80","7","GET","10.0.2.5","/info_deviceStatus.html","-","1.1","Mozilla/5.0 [en] (X11, U; OpenVAS-VT 9.0.3)","0","270","404","Not Found","-","-","(empty)","-","-","-","-","-","-","F1bE7q3ildChmTSPwc","-"
"1593625701.081797","CwhlKtIpyrEZ2SPZ4","10.0.2.15","39557","10.0.2.5","80","8","GET","10.0.2.5","/DevMgmt/ProductConfigDyn.xml","-","1.1","Mozilla/5.0 [en] (X11, U; OpenVAS-VT 9.0.3)","0","270","404","Not Found","-","-","(empty)","-","-","-","-","-","-","FKEjFqHMaOAtRkVoe","-"
"1593625701.088756","CwhlKtIpyrEZ2SPZ4","10.0.2.15","39557","10.0.2.5","80","9","GET","10.0.2.5","/hp/jetdirect/index.html","-","1.1","Mozilla/5.0 [en] (X11, U; OpenVAS-VT 9.0.3)","0","270","404","Not Found","-","-","(empty)","-","-","-","-","-","-","FbMlSz1osONmVYU7D3","-"
"1593625701.090792","CwhlKtIpyrEZ2SPZ4","10.0.2.15","39557","10.0.2.5","80","10","GET","10.0.2.5","/info_deviceStatus.html?tab=Status","-","1.1","Mozilla/5.0 [en] (X11, U; OpenVAS-VT 9.0.3)","0","270","404","Not Found","-","-","(empty)","-","-","-","-","-","-","Fr9HoA19VcUGKX7Po8","-"
"1593625701.094138","CwhlKtIpyrEZ2SPZ4","10.0.2.15","39557","10.0.2.5","80","11","GET","10.0.2.5","/hp/device/","-","1.1","Mozilla/5.0 [en] (X11, U; OpenVAS-VT 9.0.3)","0","270","404","Not Found","-","-","(empty)","-","-","-","-","-","-","FYZj9n4aebhaZmYla6","-"
"1593625701.100692","CwhlKtIpyrEZ2SPZ4","10.0.2.15","39557","10.0.2.5","80","12","GET","10.0.2.5","/hp/device/InternalPages/Index?id=ConfigurationPage","-","1.1","Mozilla/5.0 [en] (X11, U; OpenVAS-VT 9.0.3)","0","270","404","Not Found","-","-","(empty)","-","-","-","-","-","-","FhvFVt3OHYLmnAgT29","-"
"1593625701.102551","CwhlKtIpyrEZ2SPZ4","10.0.2.15","39557","10.0.2.5","80","13","GET","10.0.2.5","/index.htm?cat=info&page=printerInfo","-","1.1","Mozilla/5.0 [en] (X11, U; OpenVAS-VT 9.0.3)","0","270","404","Not Found","-","-","(empty)","-","-","-","-","-","-","F4MCPGcehAwrc3Tx1","-"
"1593625701.106439","CwhlKtIpyrEZ2SPZ4","10.0.2.15","39557","10.0.2.5","80","14","GET","10.0.2.5","/info_deviceStatus.html?","-","1.1","Mozilla/5.0 [en] (X11, U; OpenVAS-VT 9.0.3)","0","270","404","Not Found","-","-","(empty)","-","-","-","-","-","-","FwmDzu1dzLkJGcraxj","-"
"1593625701.110926","CwhlKtIpyrEZ2SPZ4","10.0.2.15","39557","10.0.2.5","80","15","GET","10.0.2.5","/index_top.htm","-","1.1","Mozilla/5.0 [en] (X11, U; OpenVAS-VT 9.0.3)","0","270","404","Not Found","-","-","(empty)","-","-","-","-","-","-","FL6uSy3QIRwsFnDbxl","-"
"1593625701.114918","CwhlKtIpyrEZ2SPZ4","10.0.2.15","39557","10.0.2.5","80","16","GET","10.0.2.5","/eng/status/statprn1.htm","-","1.1","Mozilla/5.0 [en] (X11, U; OpenVAS-VT 9.0.3)","0","270","404","Not Found","-","-","(empty)","-","-","-","-","-","-","FcPLst2fnBrO029iMi","-"
"1593625701.118764","CwhlKtIpyrEZ2SPZ4","10.0.2.15","39557","10.0.2.5","80","17","GET","10.0.2.5","/eng/start/about.htm","-","1.1","Mozilla/5.0 [en] (X11, U; OpenVAS-VT 9.0.3)","0","270","404","Not Found","-","-","(empty)","-","-","-","-","-","-","F5qnHj41BagHaqbpma","-"
"1593625701.123042","CwhlKtIpyrEZ2SPZ4","10.0.2.15","39557","10.0.2.5","80","18","GET","10.0.2.5","/startwlm/Start_Wlm.htm","-","1.1","Mozilla/5.0 [en] (X11, U; OpenVAS-VT 9.0.3)","0","270","404","Not Found","-","-","(empty)","-","-","-","-","-","-","Fgl2kju41LeScnHX","-"
"1593625701.127621","CwhlKtIpyrEZ2SPZ4","10.0.2.15","39557","10.0.2.5","80","19","GET","10.0.2.5","/start/about.htm","-","1.1","Mozilla/5.0 [en] (X11, U; OpenVAS-VT 9.0.3)","0","270","404","Not Found","-","-","(empty)","-","-","-","-","-","-","FolEfk39Gg2ffmWfS6","-"
"1593625701.132567","CwhlKtIpyrEZ2SPZ4","10.0.2.15","39557","10.0.2.5","80","20","GET","10.0.2.5","/eng/status/statprn.htm","-","1.1","Mozilla/5.0 [en] (X11, U; OpenVAS-VT 9.0.3)","0","270","404","Not Found","-","-","(empty)","-","-","-","-","-","-","FxfH1w1JVylr51VbWg","-"
"1593625701.137721","CwhlKtIpyrEZ2SPZ4","10.0.2.15","39557","10.0.2.5","80","21","GET","10.0.2.5","/hdstat.htm","-","1.1","Mozilla/5.0 [en] (X11, U; OpenVAS-VT 9.0.3)","0","270","404","Not Found","-","-","(empty)","-","-","-","-","-","-","Fjsi86441hu4G2Iow5","-"
"1593625701.144140","CwhlKtIpyrEZ2SPZ4","10.0.2.15","39557","10.0.2.5","80","22","GET","10.0.2.5","/home.html","-","1.1","Mozilla/5.0 [en] (X11, U; OpenVAS-VT 9.0.3)","0","270","404","Not Found","-","-","(empty)","-","-","-","-","-","-","Fw122I1yxzDdvz01U7","-"
"1593625701.148625","CwhlKtIpyrEZ2SPZ4","10.0.2.15","39557","10.0.2.5","80","23","GET","10.0.2.5","/header.php","-","1.1","Mozilla/5.0 [en] (X11, U; OpenVAS-VT 9.0.3)","0","270","404","Not Found","-","-","(empty)","-","-","-","-","-","-","Fki7sY2P8PwAGYY5R8","-"
"1593625701.150719","CwhlKtIpyrEZ2SPZ4","10.0.2.15","39557","10.0.2.5","80","24","GET","10.0.2.5","/hdjobq.htm","-","1.1","Mozilla/5.0 [en] (X11, U; OpenVAS-VT 9.0.3)","0","270","404","Not Found","-","-","(empty)","-","-","-","-","-","-","F3jHad1RsgiwHj0I96","-"
"1593625701.154438","CwhlKtIpyrEZ2SPZ4","10.0.2.15","39557","10.0.2.5","80","25","GET","10.0.2.5","/setting/prtinfo.htm","-","1.1","Mozilla/5.0 [en] (X11, U; OpenVAS-VT 9.0.3)","0","270","404","Not Found","-","-","(empty)","-","-","-","-","-","-","FQkKma3xgeZZcacAM9","-"
"1593625701.158556","CwhlKtIpyrEZ2SPZ4","10.0.2.15","39557","10.0.2.5","80","26","GET","10.0.2.5","/properties/configuration.php","-","1.1","Mozilla/5.0 [en] (X11, U; OpenVAS-VT 9.0.3)","0","270","404","Not Found","-","-","(empty)","-","-","-","-","-","-","FreiQu2NrxawjB0pr2","-"
"1593625701.160687","CwhlKtIpyrEZ2SPZ4","10.0.2.15","39557","10.0.2.5","80","27","GET","10.0.2.5","/tabsFrame.dhtml","-","1.1","Mozilla/5.0 [en] (X11, U; OpenVAS-VT 9.0.3)","0","270","404","Not Found","-","-","(empty)","-","-","-","-","-","-","FUm83diGDxKToyMAg","-"
"1593625701.168231","CwhlKtIpyrEZ2SPZ4","10.0.2.15","39557","10.0.2.5","80","28","GET","10.0.2.5","/sitemap.php","-","1.1","Mozilla/5.0 [en] (X11, U; OpenVAS-VT 9.0.3)","0","270","404","Not Found","-","-","(empty)","-","-","-","-","-","-","FxFx9J1xqlgVrJMGI2","-"
"1593625701.170052","CwhlKtIpyrEZ2SPZ4","10.0.2.15","39557","10.0.2.5","80","29","GET","10.0.2.5","/headhome.htm","-","1.1","Mozilla/5.0 [en] (X11, U; OpenVAS-VT 9.0.3)","0","270","404","Not Found","-","-","(empty)","-","-","-","-","-","-","F5iZ1uvXMEcwfyhvj","-"
"1593625701.173772","CwhlKtIpyrEZ2SPZ4","10.0.2.15","39557","10.0.2.5","80","30","GET","10.0.2.5","/machinei.asp?Lang=en-us","-","1.1","Mozilla/5.0 [en] (X11, U; OpenVAS-VT 9.0.3)","0","270","404","Not Found","-","-","(empty)","-","-","-","-","-","-","FvUtgu4heGhBsccdCj","-"
"1593625701.179394","CwhlKtIpyrEZ2SPZ4","10.0.2.15","39557","10.0.2.5","80","31","GET","10.0.2.5","/web/guest/en/websys/status/configuration.cgi","-","1.1","Mozilla/5.0 [en] (X11, U; OpenVAS-VT 9.0.3)","0","270","404","Not Found","-","-","(empty)","-","-","-","-","-","-","FwChKJ7TytHvP4pwa","-"
"1593625701.183031","CwhlKtIpyrEZ2SPZ4","10.0.2.15","39557","10.0.2.5","80","32","GET","10.0.2.5","/TopAccess/Device/Device.htm","-","1.1","Mozilla/5.0 [en] (X11, U; OpenVAS-VT 9.0.3)","0","270","404","Not Found","-","-","(empty)","-","-","-","-","-","-","FFeAD73SmsCjd98I2l","-"
"1593625701.184873","CwhlKtIpyrEZ2SPZ4","10.0.2.15","39557","10.0.2.5","80","33","GET","10.0.2.5","/Device/Device.html","-","1.1","Mozilla/5.0 [en] (X11, U; OpenVAS-VT 9.0.3)","0","270","404","Not Found","-","-","(empty)","-","-","-","-","-","-","FrO1cz1w7s6wYapjpb","-"
"1593625701.205685","CwhlKtIpyrEZ2SPZ4","10.0.2.15","39557","10.0.2.5","80","34","GET","10.0.2.5","/main.asp","-","1.1","Mozilla/5.0 [en] (X11, U; OpenVAS-VT 9.0.3)","0","270","404","Not Found","-","-","(empty)","-","-","-","-","-","-","FO8v692ECSpiiN8kV3","-"
"1593625701.207728","CwhlKtIpyrEZ2SPZ4","10.0.2.15","39557","10.0.2.5","80","35","GET","10.0.2.5","/index.asp","-","1.1","Mozilla/5.0 [en] (X11, U; OpenVAS-VT 9.0.3)","0","270","404","Not Found","-","-","(empty)","-","-","-","-","-","-","FJEZybrRT8OQz5I7e","-"
"1593625701.220513","CwhlKtIpyrEZ2SPZ4","10.0.2.15","39557","10.0.2.5","80","36","GET","10.0.2.5","/index.htm","-","1.1","Mozilla/5.0 [en] (X11, U; OpenVAS-VT 9.0.3)","0","270","404","Not Found","-","-","(empty)","-","-","-","-","-","-","FrBOSk2Ft5VF1Km1C9","-"
"1593625701.225225","CwhlKtIpyrEZ2SPZ4","10.0.2.15","39557","10.0.2.5","80","37","GET","10.0.2.5","/default.html","-","1.1","Mozilla/5.0 [en] (X11, U; OpenVAS-VT 9.0.3)","0","270","404","Not Found","-","-","(empty)","-","-","-","-","-","-","FUXQM34AIkGWoA2WRf","-"
"1593625701.393301","CFTKRR3WxEliq0Wht1","10.0.2.15","50045","10.0.2.5","80","1","-","-","-","-","1.1","-","0","301","400","Bad Request","-","-","(empty)","-","-","-","-","-","-","FYBcXXSNS2RCniNq","-"
"1593625701.398230","CvhaI7YXsw0EGSFle","10.0.2.15","37343","10.0.2.5","80","1","GET","10.0.2.5","/","-","1.1","-","0","10918","200","OK","-","-","(empty)","-","-","-","-","-","-","FEmRfK1k0q4amVIS48","-"
"1593625701.740230","CzUmpr3WwuLECMgB1a","10.0.2.15","51015","10.0.2.5","80","1","-","-","-","-","1.1","-","0","301","400","Bad Request","-","-","(empty)","-","-","-","-","-","-","Fipwyu1N3yh0eOcDl4","-"
"1593625701.768162","CUzR5oe8vIi1lBsvh","10.0.2.15","57541","10.0.2.5","80","1","-","-","-","-","1.1","-","0","301","400","Bad Request","-","-","(empty)","-","-","-","-","-","-","Fr1l751gPFwOKDEUKd","-"
"1593625701.787296","C1ebDEvsCrg7JOJr1","10.0.2.15","57745","10.0.2.5","80","1","-","-","-","-","1.1","-","0","301","400","Bad Request","-","-","(empty)","-","-","-","-","-","-","FQOcEs4WevMurlmDXe","-"
"1593625704.806522","CgHAJ4pu9zn7zcnIj","10.0.2.15","42623","10.0.2.5","80","1","-","-","-","-","1.1","-","0","301","400","Bad Request","-","-","(empty)","-","-","-","-","-","-","FYyYwr1yWrYI4kfR0h","-"
"1593625707.028161","Ca5Ofn1MR2LjSeoNUa","10.0.2.15","49525","10.0.2.5","80","1","GET","10.0.2.5","/","-","1.1","Mozilla/5.0 [en] (X11, U; OpenVAS-VT 9.0.3)","0","10918","200","OK","-","-","(empty)","-","-","-","-","-","-","FATl8N3u3FrBD1o07","-"
"1593625708.295930","CHtAjt4W1E85VTvNA2","10.0.2.15","33321","10.0.2.5","80","1","GET","10.0.2.5","/","-","1.1","Mozilla/5.0 [en] (X11, U; OpenVAS-VT 9.0.3)","0","10918","200","OK","-","-","(empty)","-","-","-","-","-","-","FjId9BYXA8bzU3vDd","-"
"1593625708.321998","COGuw61oxi2QxuTNv1","10.0.2.15","54463","10.0.2.5","80","1","GET","10.0.2.5","/login/login.html","-","1.1","Mozilla/5.0 [en] (X11, U; OpenVAS-VT 9.0.3)","0","270","404","Not Found","-","-","(empty)","-","-","-","-","-","-","FE3LPC2KvjlBKtF357","-"
"1593625708.410565","CEnqLRcGtjsD70O0i","10.0.2.15","45317","10.0.2.5","80","1","GET","10.0.2.5","/#login","-","1.1","Mozilla/5.0 [en] (X11, U; OpenVAS-VT 9.0.3)","0","301","400","Bad Request","-","-","(empty)","-","-","-","-","-","-","FeHIN22YXKk7g5lPfa","-"
"1593625708.468726","CEbnJP2oWS7TzHU9y1","10.0.2.15","40971","10.0.2.5","80","1","GET","10.0.2.5","/core/orionSplashScreen.do","-","1.1","Mozilla/5.0 [en] (X11, U; OpenVAS-VT 9.0.3)","0","270","404","Not Found","-","-","(empty)","-","-","-","-","-","-","FDLG5s2qfb3Z5bYYM6","-"
"1593625708.662123","CLIcmT2vftGYe1gHhh","10.0.2.15","49397","10.0.2.5","80","1","GET","10.0.2.5","/","-","1.1","-","0","10918","200","OK","-","-","(empty)","-","-","-","-","-","-","F0xi5AzKs6aQ3r6e4","-"
"1593625708.666278","CHZhUu2ncZ7QarxRVc","10.0.2.15","60269","10.0.2.5","80","1","GET","10.0.2.5","/ui/","-","1.1","Mozilla/5.0 [en] (X11, U; OpenVAS-VT 9.0.3)","0","270","404","Not Found","-","-","(empty)","-","-","-","-","-","-","F5OYid2KOElRNzL2Eh","-"
"1593625708.905345","CbOqdN1cfW9X8fonhf","10.0.2.15","42909","10.0.2.5","80","1","GET","10.0.2.5","/images/logon_merge.gif","-","1.1","Mozilla/5.0 [en] (X11, U; OpenVAS-VT 9.0.3)","0","270","404","Not Found","-","-","(empty)","-","-","-","-","-","-","FLpHks4bODAb32fT8i","-"
"1593625708.917593","CbOqdN1cfW9X8fonhf","10.0.2.15","42909","10.0.2.5","80","2","GET","10.0.2.5","/resource/images/logon_t.gif","-","1.1","Mozilla/5.0 [en] (X11, U; OpenVAS-VT 9.0.3)","0","270","404","Not Found","-","-","(empty)","-","-","-","-","-","-","FPDGCG1TL9oNOgfMUg","-"
"1593625708.922335","CCxP6ADk9XNItcKal","10.0.2.15","34041","10.0.2.5","80","1","GET","10.0.2.5","/login?redirects=20","-","1.1","Mozilla/5.0 [en] (X11, U; OpenVAS-VT 9.0.3)","0","270","404","Not Found","-","-","(empty)","-","-","-","-","-","-","FMK1Kh2Detg6YWWPk9","-"
"1593625708.944210","CbOqdN1cfW9X8fonhf","10.0.2.15","42909","10.0.2.5","80","3","GET","10.0.2.5","/resource/images/logon.gif","-","1.1","Mozilla/5.0 [en] (X11, U; OpenVAS-VT 9.0.3)","0","270","404","Not Found","-","-","(empty)","-","-","-","-","-","-","FrZZ46wJr1tQX5HV","-"
"1593625708.957616","CbOqdN1cfW9X8fonhf","10.0.2.15","42909","10.0.2.5","80","4","GET","10.0.2.5","/customviews/image/login_bg/","-","1.1","Mozilla/5.0 [en] (X11, U; OpenVAS-VT 9.0.3)","0","270","404","Not Found","-","-","(empty)","-","-","-","-","-","-","FxMnaj3MV3R14CVKTf","-"
"1593625708.963269","CbOqdN1cfW9X8fonhf","10.0.2.15","42909","10.0.2.5","80","5","GET","10.0.2.5","/images/login_top.gif","-","1.1","Mozilla/5.0 [en] (X11, U; OpenVAS-VT 9.0.3)","0","270","404","Not Found","-","-","(empty)","-","-","-","-","-","-","FD9c091tvpIC61VgI","-"
"1593625708.991232","CbOqdN1cfW9X8fonhf","10.0.2.15","42909","10.0.2.5","80","6","GET","10.0.2.5","/theme1/images/logo.gif","-","1.1","Mozilla/5.0 [en] (X11, U; OpenVAS-VT 9.0.3)","0","270","404","Not Found","-","-","(empty)","-","-","-","-","-","-","FLNmj41orxGTNYKDx","-"
"1593625709.005968","CbOqdN1cfW9X8fonhf","10.0.2.15","42909","10.0.2.5","80","7","GET","10.0.2.5","/images/logo.gif","-","1.1","Mozilla/5.0 [en] (X11, U; OpenVAS-VT 9.0.3)","0","270","404","Not Found","-","-","(empty)","-","-","-","-","-","-","F7ZTiTSaP0cAfHSEa","-"
"1593625709.008277","CsPLk23V8CbBOWmyna","10.0.2.15","58481","10.0.2.5","80","1","GET","10.0.2.5","/MlC2QnKRsxqt.html","-","1.1","Mozilla/5.0 [en] (X11, U; OpenVAS-VT 9.0.3)","0","270","404","Not Found","-","-","(empty)","-","-","-","-","-","-","F20EbJ1Og9uuPXi2D9","-"
"1593625709.018360","CsPLk23V8CbBOWmyna","10.0.2.15","58481","10.0.2.5","80","2","GET","10.0.2.5","/MlC2QnKRsxqt.htm","-","1.1","Mozilla/5.0 [en] (X11, U; OpenVAS-VT 9.0.3)","0","270","404","Not Found","-","-","(empty)","-","-","-","-","-","-","F17aY7hoGz6eUZX94","-"
"1593625709.048654","CsPLk23V8CbBOWmyna","10.0.2.15","58481","10.0.2.5","80","3","GET","10.0.2.5","/MlC2QnKRsxqt.cgi","-","1.1","Mozilla/5.0 [en] (X11, U; OpenVAS-VT 9.0.3)","0","270","404","Not Found","-","-","(empty)","-","-","-","-","-","-","FeeTRW1Wxvd87qTLw","-"
"1593625709.085850","CsPLk23V8CbBOWmyna","10.0.2.15","58481","10.0.2.5","80","4","GET","10.0.2.5","/MlC2QnKRsxqt.sh","-","1.1","Mozilla/5.0 [en] (X11, U; OpenVAS-VT 9.0.3)","0","270","404","Not Found","-","-","(empty)","-","-","-","-","-","-","FC3s3Y2JQOEueR7nkk","-"
"1593625709.097056","CsPLk23V8CbBOWmyna","10.0.2.15","58481","10.0.2.5","80","5","GET","10.0.2.5","/MlC2QnKRsxqt.pl","-","1.1","Mozilla/5.0 [en] (X11, U; OpenVAS-VT 9.0.3)","0","270","404","Not Found","-","-","(empty)","-","-","-","-","-","-","FjGykPASAtLribhz1","-"
"1593625709.116011","CsPLk23V8CbBOWmyna","10.0.2.15","58481","10.0.2.5","80","6","GET","10.0.2.5","/MlC2QnKRsxqt.inc","-","1.1","Mozilla/5.0 [en] (X11, U; OpenVAS-VT 9.0.3)","0","270","404","Not Found","-","-","(empty)","-","-","-","-","-","-","FHYzZL1ekegYU7ka9a","-"
"1593625709.129612","CsPLk23V8CbBOWmyna","10.0.2.15","58481","10.0.2.5","80","7","GET","10.0.2.5","/MlC2QnKRsxqt.shtml","-","1.1","Mozilla/5.0 [en] (X11, U; OpenVAS-VT 9.0.3)","0","270","404","Not Found","-","-","(empty)","-","-","-","-","-","-","FQwIzl3qBC7xBtMWu4","-"
"1593625709.141379","CsPLk23V8CbBOWmyna","10.0.2.15","58481","10.0.2.5","80","8","GET","10.0.2.5","/MlC2QnKRsxqt.asp","-","1.1","Mozilla/5.0 [en] (X11, U; OpenVAS-VT 9.0.3)","0","270","404","Not Found","-","-","(empty)","-","-","-","-","-","-","FB7WOV2hT7YslvFG5e","-"
"1593625709.169674","CsPLk23V8CbBOWmyna","10.0.2.15","58481","10.0.2.5","80","9","GET","10.0.2.5","/MlC2QnKRsxqt.php","-","1.1","Mozilla/5.0 [en] (X11, U; OpenVAS-VT 9.0.3)","0","270","404","Not Found","-","-","(empty)","-","-","-","-","-","-","FyaFAaA8jMfKMubv9","-"
"1593625709.178994","CsPLk23V8CbBOWmyna","10.0.2.15","58481","10.0.2.5","80","10","GET","10.0.2.5","/MlC2QnKRsxqt.php3","-","1.1","Mozilla/5.0 [en] (X11, U; OpenVAS-VT 9.0.3)","0","270","404","Not Found","-","-","(empty)","-","-","-","-","-","-","Fof8aOiKqiltfosz8","-"
"1593625709.189148","CsPLk23V8CbBOWmyna","10.0.2.15","58481","10.0.2.5","80","11","GET","10.0.2.5","/MlC2QnKRsxqt.php4","-","1.1","Mozilla/5.0 [en] (X11, U; OpenVAS-VT 9.0.3)","0","270","404","Not Found","-","-","(empty)","-","-","-","-","-","-","FJ6BOV2cqZfREjgoYf","-"
"1593625709.201835","CsPLk23V8CbBOWmyna","10.0.2.15","58481","10.0.2.5","80","12","GET","10.0.2.5","/MlC2QnKRsxqt.php5","-","1.1","Mozilla/5.0 [en] (X11, U; OpenVAS-VT 9.0.3)","0","270","404","Not Found","-","-","(empty)","-","-","-","-","-","-","FSbc654AnRjDtYfGZk","-"
"1593625709.206788","Cg0AqV24iKjwThADgi","10.0.2.15","38185","10.0.2.5","80","1","GET","10.0.2.5","/login?redirects=20","-","1.1","Mozilla/5.0 [en] (X11, U; OpenVAS-VT 9.0.3)","0","270","404","Not Found","-","-","(empty)","-","-","-","-","-","-","FfoWEL6LhMjoDEQ3a","-"
"1593625709.222445","CsPLk23V8CbBOWmyna","10.0.2.15","58481","10.0.2.5","80","13","GET","10.0.2.5","/MlC2QnKRsxqt.php7","-","1.1","Mozilla/5.0 [en] (X11, U; OpenVAS-VT 9.0.3)","0","270","404","Not Found","-","-","(empty)","-","-","-","-","-","-","FfTwsI2jwLRL2TZ7cc","-"
"1593625709.241548","CsPLk23V8CbBOWmyna","10.0.2.15","58481","10.0.2.5","80","14","GET","10.0.2.5","/MlC2QnKRsxqt.cfm","-","1.1","Mozilla/5.0 [en] (X11, U; OpenVAS-VT 9.0.3)","0","270","404","Not Found","-","-","(empty)","-","-","-","-","-","-","F9MEv1u55zjN0o2Ef","-"
"1593625709.263620","CsPLk23V8CbBOWmyna","10.0.2.15","58481","10.0.2.5","80","15","GET","10.0.2.5","/cgi-bin/MlC2QnKRsxqt.html","-","1.1","Mozilla/5.0 [en] (X11, U; OpenVAS-VT 9.0.3)","0","270","404","Not Found","-","-","(empty)","-","-","-","-","-","-","FjPUra122G2clXrRhb","-"
"1593625709.273842","CsPLk23V8CbBOWmyna","10.0.2.15","58481","10.0.2.5","80","16","GET","10.0.2.5","/cgi-bin/MlC2QnKRsxqt.htm","-","1.1","Mozilla/5.0 [en] (X11, U; OpenVAS-VT 9.0.3)","0","270","404","Not Found","-","-","(empty)","-","-","-","-","-","-","F7i8mN17PDf06OLrwb","-"
"1593625709.283881","CsPLk23V8CbBOWmyna","10.0.2.15","58481","10.0.2.5","80","17","GET","10.0.2.5","/cgi-bin/MlC2QnKRsxqt.cgi","-","1.1","Mozilla/5.0 [en] (X11, U; OpenVAS-VT 9.0.3)","0","270","404","Not Found","-","-","(empty)","-","-","-","-","-","-","FoldaiZcJhRFw0Rab","-"
"1593625709.306400","CsPLk23V8CbBOWmyna","10.0.2.15","58481","10.0.2.5","80","18","GET","10.0.2.5","/cgi-bin/MlC2QnKRsxqt.sh","-","1.1","Mozilla/5.0 [en] (X11, U; OpenVAS-VT 9.0.3)","0","270","404","Not Found","-","-","(empty)","-","-","-","-","-","-","FwcHKA4MuILUiYJ7U2","-"
"1593625709.314029","CNROQk3Zv8ziRvdYC2","10.0.2.15","53523","10.0.2.5","80","1","GET","10.0.2.5","/CGI/Java/Serviceability?adapter=device.statistics.device","-","1.1","Mozilla/5.0 [en] (X11, U; OpenVAS-VT 9.0.3)","0","270","404","Not Found","-","-","(empty)","-","-","-","-","-","-","FhUyGq2FvGBB8hvRMh","-"
"1593625709.317478","CsPLk23V8CbBOWmyna","10.0.2.15","58481","10.0.2.5","80","19","GET","10.0.2.5","/cgi-bin/MlC2QnKRsxqt.pl","-","1.1","Mozilla/5.0 [en] (X11, U; OpenVAS-VT 9.0.3)","0","270","404","Not Found","-","-","(empty)","-","-","-","-","-","-","Fqfvwb2DTnszWKXWmj","-"
"1593625709.351764","CsPLk23V8CbBOWmyna","10.0.2.15","58481","10.0.2.5","80","20","GET","10.0.2.5","/cgi-bin/MlC2QnKRsxqt.inc","-","1.1","Mozilla/5.0 [en] (X11, U; OpenVAS-VT 9.0.3)","0","270","404","Not Found","-","-","(empty)","-","-","-","-","-","-","FmsPtD3WFHgD15kaV4","-"
"1593625709.362805","CsPLk23V8CbBOWmyna","10.0.2.15","58481","10.0.2.5","80","21","GET","10.0.2.5","/cgi-bin/MlC2QnKRsxqt.shtml","-","1.1","Mozilla/5.0 [en] (X11, U; OpenVAS-VT 9.0.3)","0","270","404","Not Found","-","-","(empty)","-","-","-","-","-","-","FqVVHNccLwcYXUHW2","-"
"1593625709.382436","CsPLk23V8CbBOWmyna","10.0.2.15","58481","10.0.2.5","80","22","GET","10.0.2.5","/cgi-bin/MlC2QnKRsxqt.php","-","1.1","Mozilla/5.0 [en] (X11, U; OpenVAS-VT 9.0.3)","0","270","404","Not Found","-","-","(empty)","-","-","-","-","-","-","FQipyh1CAhIvkEPvta","-"
"1593625709.393894","CsPLk23V8CbBOWmyna","10.0.2.15","58481","10.0.2.5","80","23","GET","10.0.2.5","/cgi-bin/MlC2QnKRsxqt.php3","-","1.1","Mozilla/5.0 [en] (X11, U; OpenVAS-VT 9.0.3)","0","270","404","Not Found","-","-","(empty)","-","-","-","-","-","-","FP93eT3rlaVuzbDA06","-"
"1593625709.397913","CsPLk23V8CbBOWmyna","10.0.2.15","58481","10.0.2.5","80","24","GET","10.0.2.5","/cgi-bin/MlC2QnKRsxqt.php4","-","1.1","Mozilla/5.0 [en] (X11, U; OpenVAS-VT 9.0.3)","0","270","404","Not Found","-","-","(empty)","-","-","-","-","-","-","Fq2yFnHQEz53bufwl","-"
"1593625709.421778","CsPLk23V8CbBOWmyna","10.0.2.15","58481","10.0.2.5","80","25","GET","10.0.2.5","/cgi-bin/MlC2QnKRsxqt.php5","-","1.1","Mozilla/5.0 [en] (X11, U; OpenVAS-VT 9.0.3)","0","270","404","Not Found","-","-","(empty)","-","-","-","-","-","-","FcID1p4CsiZTJ1GAq6","-"
"1593625709.437670","CsPLk23V8CbBOWmyna","10.0.2.15","58481","10.0.2.5","80","26","GET","10.0.2.5","/cgi-bin/MlC2QnKRsxqt.php7","-","1.1","Mozilla/5.0 [en] (X11, U; OpenVAS-VT 9.0.3)","0","270","404","Not Found","-","-","(empty)","-","-","-","-","-","-","FNOx6NCNX13B2JuP1","-"
"1593625709.438913","CQtgFhk0kcYjotZV8","10.0.2.15","55693","10.0.2.5","80","1","GET","10.0.2.5","/login","-","1.1","Mozilla/5.0 [en] (X11, U; OpenVAS-VT 9.0.3)","0","270","404","Not Found","-","-","(empty)","-","-","-","-","-","-","Fj53w72gLUwFdhLTbb","-"
"1593625709.450724","CQtgFhk0kcYjotZV8","10.0.2.15","55693","10.0.2.5","80","2","GET","10.0.2.5","/euq-login","-","1.1","Mozilla/5.0 [en] (X11, U; OpenVAS-VT 9.0.3)","0","270","404","Not Found","-","-","(empty)","-","-","-","-","-","-","F8c2GBTdShGDLQzmc","-"
"1593625709.451397","CsPLk23V8CbBOWmyna","10.0.2.15","58481","10.0.2.5","80","27","GET","10.0.2.5","/cgi-bin/MlC2QnKRsxqt.cfm","-","1.1","Mozilla/5.0 [en] (X11, U; OpenVAS-VT 9.0.3)","0","270","404","Not Found","-","-","(empty)","-","-","-","-","-","-","FQ5Buq3OVtRRnxh9Bh","-"
"1593625709.474114","CsPLk23V8CbBOWmyna","10.0.2.15","58481","10.0.2.5","80","28","GET","10.0.2.5","/scripts/MlC2QnKRsxqt.html","-","1.1","Mozilla/5.0 [en] (X11, U; OpenVAS-VT 9.0.3)","0","270","404","Not Found","-","-","(empty)","-","-","-","-","-","-","Fm1jYi3UJjE9z2jDM3","-"
"1593625709.484509","CsPLk23V8CbBOWmyna","10.0.2.15","58481","10.0.2.5","80","29","GET","10.0.2.5","/scripts/MlC2QnKRsxqt.htm","-","1.1","Mozilla/5.0 [en] (X11, U; OpenVAS-VT 9.0.3)","0","270","404","Not Found","-","-","(empty)","-","-","-","-","-","-","F1TvFTXAAJge9QB6b","-"
"1593625709.513357","CsPLk23V8CbBOWmyna","10.0.2.15","58481","10.0.2.5","80","30","GET","10.0.2.5","/scripts/MlC2QnKRsxqt.cgi","-","1.1","Mozilla/5.0 [en] (X11, U; OpenVAS-VT 9.0.3)","0","270","404","Not Found","-","-","(empty)","-","-","-","-","-","-","FrdsBj4S6nMsd0ygR2","-"
"1593625709.521009","C50c3i1L1oAOfguHvc","10.0.2.15","42289","10.0.2.5","80","1","GET","10.0.2.5","/php/login.php","-","1.1","Mozilla/5.0 [en] (X11, U; OpenVAS-VT 9.0.3)","0","270","404","Not Found","-","-","(empty)","-","-","-","-","-","-","F7LXbq4rDA1gm4eusj","-"
"1593625709.526270","CsPLk23V8CbBOWmyna","10.0.2.15","58481","10.0.2.5","80","31","GET","10.0.2.5","/scripts/MlC2QnKRsxqt.sh","-","1.1","Mozilla/5.0 [en] (X11, U; OpenVAS-VT 9.0.3)","0","270","404","Not Found","-","-","(empty)","-","-","-","-","-","-","FNxRMo1x1ja0qMV9ed","-"
"1593625709.553589","CsPLk23V8CbBOWmyna","10.0.2.15","58481","10.0.2.5","80","32","GET","10.0.2.5","/scripts/MlC2QnKRsxqt.pl","-","1.1","Mozilla/5.0 [en] (X11, U; OpenVAS-VT 9.0.3)","0","270","404","Not Found","-","-","(empty)","-","-","-","-","-","-","F7txzb4M7HRQcEC99e","-"
"1593625709.578483","CsPLk23V8CbBOWmyna","10.0.2.15","58481","10.0.2.5","80","33","GET","10.0.2.5","/scripts/MlC2QnKRsxqt.inc","-","1.1","Mozilla/5.0 [en] (X11, U; OpenVAS-VT 9.0.3)","0","270","404","Not Found","-","-","(empty)","-","-","-","-","-","-","FwW3tQ1CvYNxvFqaPj","-"
"1593625709.598805","CsPLk23V8CbBOWmyna","10.0.2.15","58481","10.0.2.5","80","34","GET","10.0.2.5","/scripts/MlC2QnKRsxqt.shtml","-","1.1","Mozilla/5.0 [en] (X11, U; OpenVAS-VT 9.0.3)","0","270","404","Not Found","-","-","(empty)","-","-","-","-","-","-","FiiynA3spSzSKPoxD5","-"
"1593625709.608425","CsPLk23V8CbBOWmyna","10.0.2.15","58481","10.0.2.5","80","35","GET","10.0.2.5","/scripts/MlC2QnKRsxqt.php","-","1.1","Mozilla/5.0 [en] (X11, U; OpenVAS-VT 9.0.3)","0","270","404","Not Found","-","-","(empty)","-","-","-","-","-","-","FtlW1U2vzHZGNb7tvf","-"
"1593625709.624730","CsPLk23V8CbBOWmyna","10.0.2.15","58481","10.0.2.5","80","36","GET","10.0.2.5","/scripts/MlC2QnKRsxqt.php3","-","1.1","Mozilla/5.0 [en] (X11, U; OpenVAS-VT 9.0.3)","0","270","404","Not Found","-","-","(empty)","-","-","-","-","-","-","FtjWWC3HVeD2X0m1l2","-"
"1593625709.649546","CsPLk23V8CbBOWmyna","10.0.2.15","58481","10.0.2.5","80","37","GET","10.0.2.5","/scripts/MlC2QnKRsxqt.php4","-","1.1","Mozilla/5.0 [en] (X11, U; OpenVAS-VT 9.0.3)","0","270","404","Not Found","-","-","(empty)","-","-","-","-","-","-","FYJ9bN12MjmnIl0I5h","-"
"1593625709.665542","CsPLk23V8CbBOWmyna","10.0.2.15","58481","10.0.2.5","80","38","GET","10.0.2.5","/scripts/MlC2QnKRsxqt.php5","-","1.1","Mozilla/5.0 [en] (X11, U; OpenVAS-VT 9.0.3)","0","270","404","Not Found","-","-","(empty)","-","-","-","-","-","-","FiV6L43crjaasq49ka","-"
"1593625709.679025","CsPLk23V8CbBOWmyna","10.0.2.15","58481","10.0.2.5","80","39","GET","10.0.2.5","/scripts/MlC2QnKRsxqt.php7","-","1.1","Mozilla/5.0 [en] (X11, U; OpenVAS-VT 9.0.3)","0","270","404","Not Found","-","-","(empty)","-","-","-","-","-","-","FLatZX1TdIKtJZIwMb","-"
"1593625709.686737","CsPLk23V8CbBOWmyna","10.0.2.15","58481","10.0.2.5","80","40","GET","10.0.2.5","/scripts/MlC2QnKRsxqt.cfm","-","1.1","Mozilla/5.0 [en] (X11, U; OpenVAS-VT 9.0.3)","0","270","404","Not Found","-","-","(empty)","-","-","-","-","-","-","Fka2Rc3XupA95jcLg7","-"
"1593625709.797897","CLznFH3yGsOLpRV6Id","10.0.2.15","60653","10.0.2.5","80","1","GET","10.0.2.5","/+CSCOE+/win.js","-","1.1","Mozilla/5.0 [en] (X11, U; OpenVAS-VT 9.0.3)","0","270","404","Not Found","-","-","(empty)","-","-","-","-","-","-","FpJana1RJ6Zc6yEgr2","-"
"1593625710.007110","CVdc0W1KEazEFEkk6l","10.0.2.15","54155","10.0.2.5","80","1","GET","10.0.2.5","/","-","1.1","Mozilla/5.0 [en] (X11, U; OpenVAS-VT 9.0.3)","0","10918","200","OK","-","-","(empty)","-","-","-","-","-","-","FEY0la3xvqF7oNJBC9","-"
"1593625710.086298","C2XOFC3vi2yxOXhoz2","10.0.2.15","60669","10.0.2.5","80","1","GET","10.0.2.5","/robots.txt","-","1.1","Mozilla/5.0 [en] (X11, U; OpenVAS-VT 9.0.3)","0","270","404","Not Found","-","-","(empty)","-","-","-","-","-","-","FaXk1g3pH6xs7Li2r3","-"
"1593625710.104281","C2XOFC3vi2yxOXhoz2","10.0.2.15","60669","10.0.2.5","80","2","GET","10.0.2.5","/CVS/Entries","-","1.1","Mozilla/5.0 [en] (X11, U; OpenVAS-VT 9.0.3)","0","270","404","Not Found","-","-","(empty)","-","-","-","-","-","-","FYEGmD1pu7Gu3iuy8a","-"
"1593625710.129763","C2XOFC3vi2yxOXhoz2","10.0.2.15","60669","10.0.2.5","80","3","GET","10.0.2.5","/non-existent851276800/","-","1.1","Mozilla/5.0 [en] (X11, U; OpenVAS-VT 9.0.3)","0","270","404","Not Found","-","-","(empty)","-","-","-","-","-","-","FdECfb1DWTVGtMy3S1","-"
"1593625710.372507","CA2ZgV2qs1OEzebVCc","10.0.2.15","59997","10.0.2.5","80","1","GET","10.0.2.5","/authenticate/login","-","1.1","Mozilla/5.0 [en] (X11, U; OpenVAS-VT 9.0.3)","0","270","404","Not Found","-","-","(empty)","-","-","-","-","-","-","FTyPiDl5wVAMRNFvb","-"
"1593625710.401562","CqPr0L2mGhXZmVNwoh","10.0.2.15","55979","10.0.2.5","80","1","GET","10.0.2.5","/corporate/webpages/login.jsp","-","1.1","Mozilla/5.0 [en] (X11, U; OpenVAS-VT 9.0.3)","0","270","404","Not Found","-","-","(empty)","-","-","-","-","-","-","FeELSS3XAO9E8AleY2","-"
"1593625710.597642","CdYcaH3VWbucdCMPo6","10.0.2.15","49597","10.0.2.5","80","1","GET","10.0.2.5","/index.php5","-","1.1","Mozilla/5.0 [en] (X11, U; OpenVAS-VT 9.0.3)","0","270","404","Not Found","-","-","(empty)","-","-","-","-","-","-","F5YWO44neC8fS1BZUk","-"
"1593625710.667959","CYa9OQ3J9u9tpPkRt3","10.0.2.15","54093","10.0.2.5","80","1","GET","10.0.2.5","/cgi-bin/login.html","-","1.1","Mozilla/5.0 [en] (X11, U; OpenVAS-VT 9.0.3)","0","270","404","Not Found","-","-","(empty)","-","-","-","-","-","-","FRafie4NLjiIToLZT4","-"
"1593625710.677070","CEMjDr4vNwTbigUIvb","10.0.2.15","38493","10.0.2.5","80","1","GET","10.0.2.5","/cgi-bin/html/login.html","-","1.1","Mozilla/5.0 [en] (X11, U; OpenVAS-VT 9.0.3)","0","270","404","Not Found","-","-","(empty)","-","-","-","-","-","-","F3ytfp2jR60J4mx4H6","-"
"1593625710.685882","Cp9KPS1xqG91lAg8wk","10.0.2.15","41573","10.0.2.5","80","1","GET","10.0.2.5","/cgi-bin/authLogin.cgi","-","1.1","Mozilla/5.0 [en] (X11, U; OpenVAS-VT 9.0.3)","0","270","404","Not Found","-","-","(empty)","-","-","-","-","-","-","Fmj9Bo3UOr4Kr7CjRj","-"
"1593625710.686216","Cre65H2SwGyRnTi113","10.0.2.15","40327","10.0.2.5","80","1","GET","10.0.2.5","/webman/index.cgi","-","1.1","Mozilla/5.0 [en] (X11, U; OpenVAS-VT 9.0.3)","0","270","404","Not Found","-","-","(empty)","-","-","-","-","-","-","FmGwrL1V4aV42nWtyl","-"
"1593625710.707847","C5KwWY3Z8oCQdreE3i","10.0.2.15","50653","10.0.2.5","80","1","GET","10.0.2.5","/index.cgi","-","1.1","Mozilla/5.0 [en] (X11, U; OpenVAS-VT 9.0.3)","0","270","404","Not Found","-","-","(empty)","-","-","-","-","-","-","FtBNRi2QbIaG2zLLtk","-"
"1593625710.897320","CdgI0tfCjefBprAj9","10.0.2.15","51773","10.0.2.5","80","1","GET","10.0.2.5","/mysql/","-","1.1","Mozilla/5.0 [en] (X11, U; OpenVAS-VT 9.0.3)","0","270","404","Not Found","-","-","(empty)","-","-","-","-","-","-","FodtlQ1lvPz7EuWE3e","-"
"1593625711.010028","Cn0Hfh3GEa2UEpeoC5","10.0.2.15","56237","10.0.2.5","80","1","GET","10.0.2.5","/DroboPix/","-","1.1","Mozilla/5.0 [en] (X11, U; OpenVAS-VT 9.0.3)","0","270","404","Not Found","-","-","(empty)","-","-","-","-","-","-","FOGyfY3fOmMeeiDc","-"
"1593625711.017390","CcTQ4B1ALSyXpTg5k","10.0.2.15","44875","10.0.2.5","80","1","GET","10.0.2.5","/login","-","1.1","Mozilla/5.0 [en] (X11, U; OpenVAS-VT 9.0.3)","0","270","404","Not Found","-","-","(empty)","-","-","-","-","-","-","F5duAIRtPqMEgsBDh","-"
"1593625711.207344","COPzYWeLc39ycPh06","10.0.2.15","45159","10.0.2.5","80","1","GET","10.0.2.5","/cgi-mod/index.cgi","-","1.1","Mozilla/5.0 [en] (X11, U; OpenVAS-VT 9.0.3)","0","270","404","Not Found","-","-","(empty)","-","-","-","-","-","-","FkNNfb4p1mwdpg2HZf","-"
"1593625711.249883","Ct9Qr01lQUPIA4eB0e","10.0.2.15","57817","10.0.2.5","80","1","GET","10.0.2.5","/Portal/Portal.mwsl?PriNav=Ident","-","1.1","Mozilla/5.0 [en] (X11, U; OpenVAS-VT 9.0.3)","0","270","404","Not Found","-","-","(empty)","-","-","-","-","-","-","FTFUJz1CAknAMMvWld","-"
"1593625711.274887","CCAWll1zaofvJ0ZL0e","10.0.2.15","35657","10.0.2.5","80","1","GET","10.0.2.5","/Portal0000.htm","-","1.1","Mozilla/5.0 [en] (X11, U; OpenVAS-VT 9.0.3)","0","270","404","Not Found","-","-","(empty)","-","-","-","-","-","-","FyZvdlXf63cEGu6xd","-"
"1593625711.740432","Cv9vAC2KOrtrL7VMCk","10.0.2.15","49639","10.0.2.5","80","1","GET","10.0.2.5","/admin/login.jsp","-","1.1","Mozilla/5.0 [en] (X11, U; OpenVAS-VT 9.0.3)","0","270","404","Not Found","-","-","(empty)","-","-","-","-","-","-","FUTdQM33AKvbmtpMw5","-"
"1593625711.970596","CViig736Y5byExdox4","10.0.2.15","49027","10.0.2.5","80","1","GET","10.0.2.5","/cgi-bin/status.xml","-","1.1","Mozilla/5.0 [en] (X11, U; OpenVAS-VT 9.0.3)","0","270","404","Not Found","-","-","(empty)","-","-","-","-","-","-","FtLpJD17xWMrLRUDzd","-"
"1593625712.073823","CR3bqJ1p6eiMWxxsab","10.0.2.15","37677","10.0.2.5","80","1","GET","10.0.2.5","/weblogin.htm","-","1.1","Mozilla/5.0 [en] (X11, U; OpenVAS-VT 9.0.3)","0","270","404","Not Found","-","-","(empty)","-","-","-","-","-","-","F1LvjYTvCF3fhk762","-"
"1593625712.228698","CMU0Ci3Sj1D65JfTRf","10.0.2.15","39385","10.0.2.5","80","1","GET","10.0.2.5","/xmldata?item=All","-","1.1","Mozilla/5.0 [en] (X11, U; OpenVAS-VT 9.0.3)","0","270","404","Not Found","-","-","(empty)","-","-","-","-","-","-","Fk6aEWBxFH63JoKC4","-"
"1593625712.290922","CSGZpbVWsYKjcuCE1","10.0.2.15","32921","10.0.2.5","80","1","GET","10.0.2.5","/HNAP1","-","1.1","Mozilla/5.0 [en] (X11, U; OpenVAS-VT 9.0.3)","0","270","404","Not Found","-","-","(empty)","-","-","-","-","-","-","FRxK5g1pH5aJZ0iNS","-"
"1593625712.317100","CEVwfS3zQqSHWJPNX5","10.0.2.15","42293","10.0.2.5","80","1","GET","10.0.2.5","/HNAP1/","-","1.1","Mozilla/5.0 [en] (X11, U; OpenVAS-VT 9.0.3)","0","270","404","Not Found","-","-","(empty)","-","-","-","-","-","-","F45EX61By05iJEUYp7","-"
"1593625712.538670","COVe4M39wxniMB6Z84","10.0.2.15","47411","10.0.2.5","80","1","GET","10.0.2.5","/sysmgr/SysMgr.html","-","1.1","Mozilla/5.0 [en] (X11, U; OpenVAS-VT 9.0.3)","0","270","404","Not Found","-","-","(empty)","-","-","-","-","-","-","Fy5uHX2RJqGO1F32Of","-"
"1593625713.151318","CztZbm2PQn2ChRbBP6","10.0.2.15","53001","10.0.2.5","80","1","GET","10.0.2.5","/start.html","-","1.1","Mozilla/5.0 [en] (X11, U; OpenVAS-VT 9.0.3)","0","270","404","Not Found","-","-","(empty)","-","-","-","-","-","-","Fuk7xgf3UQRaPC8t1","-"
"1593625713.345677","CB1yz426IIawbBzqU1","10.0.2.15","45305","10.0.2.5","80","1","GET","10.0.2.5","/webserv/index.ssi","-","1.1","Mozilla/5.0 [en] (X11, U; OpenVAS-VT 9.0.3)","0","270","404","Not Found","-","-","(empty)","-","-","-","-","-","-","FEWdlHMT5HpQXZe54","-"
"1593625713.353752","CB1yz426IIawbBzqU1","10.0.2.15","45305","10.0.2.5","80","2","GET","10.0.2.5","/wbm/index.php","-","1.1","Mozilla/5.0 [en] (X11, U; OpenVAS-VT 9.0.3)","0","270","404","Not Found","-","-","(empty)","-","-","-","-","-","-","FfyIay239PQwuZ3fH6","-"
"1593625713.389648","CB1yz426IIawbBzqU1","10.0.2.15","45305","10.0.2.5","80","3","GET","10.0.2.5","/wbm/state.php","-","1.1","Mozilla/5.0 [en] (X11, U; OpenVAS-VT 9.0.3)","0","270","404","Not Found","-","-","(empty)","-","-","-","-","-","-","F3GIfcdLqZZGZVmO4","-"
"1593625713.493827","Cu2E5c144v1ne3IAe3","10.0.2.15","54105","10.0.2.5","80","1","GET","10.0.2.5","/overview.shtm","-","1.1","Mozilla/5.0 [en] (X11, U; OpenVAS-VT 9.0.3)","0","270","404","Not Found","-","-","(empty)","-","-","-","-","-","-","Fq8DmuKWjB0o5qAqd","-"
"1593625713.612283","CV20Bi4E3L4hLsii6","10.0.2.15","59687","10.0.2.5","80","1","GET","10.0.2.5","/profile","-","1.1","Mozilla/5.0 [en] (X11, U; OpenVAS-VT 9.0.3)","0","270","404","Not Found","-","-","(empty)","-","-","-","-","-","-","Fke48v4CnQuW18JDjh","-"
"1593625713.998061","CiSU8w2Xaw2lFdEDW5","10.0.2.15","47709","10.0.2.5","80","1","GET","10.0.2.5","/web_caps/webCapsConfig","-","1.1","Mozilla/5.0 [en] (X11, U; OpenVAS-VT 9.0.3)","0","270","404","Not Found","-","-","(empty)","-","-","-","-","-","-","FADzBigDQuw0INXwf","-"
"1593625714.020949","CPF2I04kSliMb7JH84","10.0.2.15","56519","10.0.2.5","80","1","GET","10.0.2.5","/appletvid.html","-","1.1","Mozilla/5.0 [en] (X11, U; OpenVAS-VT 9.0.3)","0","270","404","Not Found","-","-","(empty)","-","-","-","-","-","-","FEEGSs1JZGgr8lyvhg","-"
"1593625714.026517","CPF2I04kSliMb7JH84","10.0.2.15","56519","10.0.2.5","80","2","GET","10.0.2.5","/imageset.html","-","1.1","Mozilla/5.0 [en] (X11, U; OpenVAS-VT 9.0.3)","0","270","404","Not Found","-","-","(empty)","-","-","-","-","-","-","FHYZlG1tmgVBrhJc06","-"
"1593625714.057244","CPF2I04kSliMb7JH84","10.0.2.15","56519","10.0.2.5","80","3","GET","10.0.2.5","/basicset.html","-","1.1","Mozilla/5.0 [en] (X11, U; OpenVAS-VT 9.0.3)","0","270","404","Not Found","-","-","(empty)","-","-","-","-","-","-","FE260Y2DeHzg2rh305","-"
"1593625714.088618","CPF2I04kSliMb7JH84","10.0.2.15","56519","10.0.2.5","80","4","GET","10.0.2.5","/accessset.html","-","1.1","Mozilla/5.0 [en] (X11, U; OpenVAS-VT 9.0.3)","0","270","404","Not Found","-","-","(empty)","-","-","-","-","-","-","FjmcT349o7B7jhAQmk","-"
"1593625714.397537","CJwjDw36FORBrBKiIa","10.0.2.15","57257","10.0.2.5","80","1","GET","10.0.2.5","/cgi-bin/login","-","1.1","Mozilla/5.0 [en] (X11, U; OpenVAS-VT 9.0.3)","0","270","404","Not Found","-","-","(empty)","-","-","-","-","-","-","FXkq0J1NOqnFjsamgg","-"
"1593625714.562134","C77LOh2ZYSlvp26P6l","10.0.2.15","34345","10.0.2.5","80","1","GET","10.0.2.5","/01.htm","-","1.1","Mozilla/5.0 [en] (X11, U; OpenVAS-VT 9.0.3)","0","270","404","Not Found","-","-","(empty)","-","-","-","-","-","-","Fy7YbQ3LiDcsLgYxWa","-"
"1593625714.669733","CtF92M3zfPgjzIuVQj","10.0.2.15","46863","10.0.2.5","80","1","GET","10.0.2.5","/Overview.html","-","1.1","Mozilla/5.0 [en] (X11, U; OpenVAS-VT 9.0.3)","0","270","404","Not Found","-","-","(empty)","-","-","-","-","-","-","FLnUCcTy33XJ34L9g","-"
"1593625714.833340","CODr5A3JzjuSVqFI78","10.0.2.15","44235","10.0.2.5","80","1","GET","10.0.2.5","/webacs/pages/common/login.jsp","-","1.1","Mozilla/5.0 [en] (X11, U; OpenVAS-VT 9.0.3)","0","270","404","Not Found","-","-","(empty)","-","-","-","-","-","-","FDJXFg2JNppvyVOtSe","-"
"1593625715.213462","C1mLbK3coTmBusMFU3","10.0.2.15","48597","10.0.2.5","80","1","GET","10.0.2.5","/copyright/info.js","-","1.1","Mozilla/5.0 [en] (X11, U; OpenVAS-VT 9.0.3)","0","270","404","Not Found","-","-","(empty)","-","-","-","-","-","-","F4ZByA4u18zAV30NVd","-"
"1593625715.218598","C1mLbK3coTmBusMFU3","10.0.2.15","48597","10.0.2.5","80","2","GET","10.0.2.5","/view/loginPro.html","-","1.1","Mozilla/5.0 [en] (X11, U; OpenVAS-VT 9.0.3)","0","270","404","Not Found","-","-","(empty)","-","-","-","-","-","-","FEt3EJ1u9I0GXkQk2","-"
"1593625715.225582","C1mLbK3coTmBusMFU3","10.0.2.15","48597","10.0.2.5","80","3","GET","10.0.2.5","/view/login.html","-","1.1","Mozilla/5.0 [en] (X11, U; OpenVAS-VT 9.0.3)","0","270","404","Not Found","-","-","(empty)","-","-","-","-","-","-","FKjDQt3lZ2BiTMOGqi","-"
"1593625715.273489","CAXMLs28H069aHgW1l","10.0.2.15","50895","10.0.2.5","80","1","GET","10.0.2.5","/netburner-logo.gif","-","1.1","Mozilla/5.0 [en] (X11, U; OpenVAS-VT 9.0.3)","0","270","404","Not Found","-","-","(empty)","-","-","-","-","-","-","FNlIZ044Caxi5Hym2k","-"
"1593625715.286493","CAXMLs28H069aHgW1l","10.0.2.15","50895","10.0.2.5","80","2","GET","10.0.2.5","/INDEX.HTM","-","1.1","Mozilla/5.0 [en] (X11, U; OpenVAS-VT 9.0.3)","0","270","404","Not Found","-","-","(empty)","-","-","-","-","-","-","FeUtKI6pJTgCPY4o8","-"
"1593625715.353958","CnGU871fe4GWlKZDwl","10.0.2.15","33391","10.0.2.5","80","1","GET","10.0.2.5","/vpn/tmindex.html","-","1.1","Mozilla/5.0 [en] (X11, U; OpenVAS-VT 9.0.3)","0","270","404","Not Found","-","-","(empty)","-","-","-","-","-","-","FZADJF363Q3a9wdQqf","-"
"1593625715.357481","CnGU871fe4GWlKZDwl","10.0.2.15","33391","10.0.2.5","80","2","GET","10.0.2.5","/vpn/index.html","-","1.1","Mozilla/5.0 [en] (X11, U; OpenVAS-VT 9.0.3)","0","270","404","Not Found","-","-","(empty)","-","-","-","-","-","-","FYPFTy4n4M2fGBvgP1","-"
"1593625715.590717","CWaoaI1yP8iPPZ2ujk","10.0.2.15","59763","10.0.2.5","80","1","GET","10.0.2.5","/login/index.php","-","1.1","Mozilla/5.0 [en] (X11, U; OpenVAS-VT 9.0.3)","0","270","404","Not Found","-","-","(empty)","-","-","-","-","-","-","FgQZzY19Z3oIu8YcF","-"
"1593625715.623578","CTjAOR3r360qETpMXl","10.0.2.15","60525","10.0.2.5","80","1","GET","10.0.2.5","/ucs-overview/","-","1.1","Mozilla/5.0 [en] (X11, U; OpenVAS-VT 9.0.3)","0","270","404","Not Found","-","-","(empty)","-","-","-","-","-","-","FQ7PKRoo3ZjA063kh","-"
"1593625715.633620","CTjAOR3r360qETpMXl","10.0.2.15","60525","10.0.2.5","80","2","GET","10.0.2.5","/univention-management-console/","-","1.1","Mozilla/5.0 [en] (X11, U; OpenVAS-VT 9.0.3)","0","270","404","Not Found","-","-","(empty)","-","-","-","-","-","-","FAdPXV3FHZzOOZfulb","-"
"1593625715.961289","CTnJiF4eWluFDjYCx8","10.0.2.15","47643","10.0.2.5","80","1","GET","10.0.2.5","/login.jsf","-","1.1","Mozilla/5.0 [en] (X11, U; OpenVAS-VT 9.0.3)","0","270","404","Not Found","-","-","(empty)","-","-","-","-","-","-","FEv5jp2oX392lsB53k","-"
"1593625715.973142","CsJtKNbqoYKFekWY4","10.0.2.15","36933","10.0.2.5","80","1","GET","10.0.2.5","/admin/","-","1.1","Mozilla/5.0 [en] (X11, U; OpenVAS-VT 9.0.3)","0","270","404","Not Found","-","-","(empty)","-","-","-","-","-","-","F5Jrfc36yqKTY74fpg","-"
"1593625716.281284","CvbCbe2rR0HNisOnH8","10.0.2.15","39397","10.0.2.5","80","1","GET","10.0.2.5","/admin/index.jsp","-","1.1","Mozilla/5.0 [en] (X11, U; OpenVAS-VT 9.0.3)","0","270","404","Not Found","-","-","(empty)","-","-","-","-","-","-","FeZYTj1jsd9ulVfmZ7","-"
"1593625716.307062","CAOaC32NdslQwOIDgb","10.0.2.15","47885","10.0.2.5","80","1","GET","10.0.2.5","/version","-","1.1","Mozilla/5.0 [en] (X11, U; OpenVAS-VT 9.0.3)","0","270","404","Not Found","-","-","(empty)","-","-","-","-","-","-","FdMxFe3LtvOpMbKQvb","-"
"1593625716.369560","CouPvJ3TdWwZPjLAok","10.0.2.15","54153","10.0.2.5","80","1","GET","10.0.2.5","/","-","1.1","Mozilla/5.0 (X11; Linux x86_64; rv:52.0) Gecko/20100101 Firefox/52.0","0","10918","200","OK","-","-","(empty)","-","-","-","-","-","-","FRYDP18dH2RQvxzS","-"
"1593625716.677381","CQ9b862r6dIkWMouQ8","10.0.2.15","40771","10.0.2.5","80","1","GET","10.0.2.5","/admin/doc/README.txt","-","1.1","Mozilla/5.0 [en] (X11, U; OpenVAS-VT 9.0.3)","0","270","404","Not Found","-","-","(empty)","-","-","-","-","-","-","FdkDDPBch3kFYJrF2","-"
"1593625716.729338","CKdskm2sGXO70ckjR6","10.0.2.15","42701","10.0.2.5","80","1","GET","10.0.2.5","/brightmail/viewLogin.do","-","1.1","Mozilla/5.0 [en] (X11, U; OpenVAS-VT 9.0.3)","0","270","404","Not Found","-","-","(empty)","-","-","-","-","-","-","FhQKjhHc5TZcztbL4","-"
"1593625716.823768","C3L4og1Xn984VrwQ92","10.0.2.15","38587","10.0.2.5","80","1","GET","10.0.2.5","/guestbook.cgi_2072268426","-","1.1","Mozilla/5.0 [en] (X11, U; OpenVAS-VT 9.0.3)","0","270","404","Not Found","-","-","(empty)","-","-","-","-","-","-","F2Pegc230sTElKIHq7","-"
"1593625716.829364","C3L4og1Xn984VrwQ92","10.0.2.15","38587","10.0.2.5","80","2","GET","10.0.2.5","/guestbook.cgi","-","1.1","Mozilla/5.0 [en] (X11, U; OpenVAS-VT 9.0.3)","0","270","404","Not Found","-","-","(empty)","-","-","-","-","-","-","FX87ODwj23JPaECP7","-"
"1593625717.073330","CIIs1F1rK6vmIqLHz2","10.0.2.15","37199","10.0.2.5","80","1","GET","10.0.2.5","/login.cgi","-","1.1","Mozilla/5.0 [en] (X11, U; OpenVAS-VT 9.0.3)","0","270","404","Not Found","-","-","(empty)","-","-","-","-","-","-","F76L1UHFM9b6mA7y4","-"
"1593625717.255533","CUsDAb1OG2x9ijNark","10.0.2.15","40791","10.0.2.5","80","1","GET","10.0.2.5","/auth","-","1.1","Mozilla/5.0 [en] (X11, U; OpenVAS-VT 9.0.3)","0","270","404","Not Found","-","-","(empty)","-","-","-","-","-","-","Fk4RKf4dcwrwVPSoWb","-"
"1593625717.261859","CUsDAb1OG2x9ijNark","10.0.2.15","40791","10.0.2.5","80","2","GET","10.0.2.5","/api/3.0/serverinfo","-","1.1","Mozilla/5.0 [en] (X11, U; OpenVAS-VT 9.0.3)","0","270","404","Not Found","-","-","(empty)","-","-","-","-","-","-","F8w4BH3TQDrzYy930f","-"
"1593625717.418928","CumzII83gg8rtndz6","10.0.2.15","35969","10.0.2.5","80","1","GET","10.0.2.5","/config/help.cgi","-","1.1","Mozilla/5.0 [en] (X11, U; OpenVAS-VT 9.0.3)","0","270","404","Not Found","-","-","(empty)","-","-","-","-","-","-","FEBg0c16oDxEoA5gfh","-"
"1593625717.581510","COu2ZnDAJKfIN95Hf","10.0.2.15","35693","10.0.2.5","80","1","GET","10.0.2.5","/admin/login.action","-","1.1","Mozilla/5.0 [en] (X11, U; OpenVAS-VT 9.0.3)","0","270","404","Not Found","-","-","(empty)","-","-","-","-","-","-","FtEBmy1hR7jnOFRmQi","-"
"1593625717.673914","CQrcIa393PLeu31JSj","10.0.2.15","37729","10.0.2.5","80","1","GET","10.0.2.5","/PGPMail.pl_2000152638","-","1.1","Mozilla/5.0 [en] (X11, U; OpenVAS-VT 9.0.3)","0","270","404","Not Found","-","-","(empty)","-","-","-","-","-","-","Fbm0084BxkGajbQtD6","-"
"1593625717.676964","CQrcIa393PLeu31JSj","10.0.2.15","37729","10.0.2.5","80","2","GET","10.0.2.5","/PGPMail.pl","-","1.1","Mozilla/5.0 [en] (X11, U; OpenVAS-VT 9.0.3)","0","270","404","Not Found","-","-","(empty)","-","-","-","-","-","-","FPa5haww5PgGHAuKf","-"
"1593625717.722265","CdHSxF2xDFYvia4YCb","10.0.2.15","44003","10.0.2.5","80","1","GET","10.0.2.5","http://example.com/openvasvt-proxy-test","-","1.1","Mozilla/5.0 [en] (X11, U; OpenVAS-VT 9.0.3)","0","273","404","Not Found","-","-","(empty)","-","-","-","-","-","-","Fvc9T83idvjnanIXtk","-"
"1593625717.911565","CByceG2zIcY1qpakbd","10.0.2.15","56565","10.0.2.5","80","1","GET","10.0.2.5","/server-info","-","1.1","Mozilla/5.0 [en] (X11, U; OpenVAS-VT 9.0.3)","0","270","404","Not Found","-","-","(empty)","-","-","-","-","-","-","FomSMp4xEqLKK5cDAh","-"
"1593625718.239694","CMR5vf1NxHgbz5oqBa","10.0.2.15","52495","10.0.2.5","80","1","GET","10.0.2.5","/admin/index.html?Language=0","-","1.1","Mozilla/5.0 [en] (X11, U; OpenVAS-VT 9.0.3)","0","270","404","Not Found","-","-","(empty)","-","-","-","-","-","-","FduY1K1BfckMxf70p6","-"
"1593625718.513929","C2DO0C3Q7XXMFu30b7","10.0.2.15","59533","10.0.2.5","80","1","GET","10.0.2.5","/SOGo/","-","1.1","Mozilla/5.0 [en] (X11, U; OpenVAS-VT 9.0.3)","0","270","404","Not Found","-","-","(empty)","-","-","-","-","-","-","FmzU5j4TCrGdFovqH3","-"
"1593625718.545975","CM7GQu2Rj64XGD0Kjg","10.0.2.15","55397","10.0.2.5","80","1","GET","10.0.2.5","/command/inquiry.cgi?inqjs=sysinfo","-","1.1","Mozilla/5.0 [en] (X11, U; OpenVAS-VT 9.0.3)","0","270","404","Not Found","-","-","(empty)","-","-","-","-","-","-","FJevKv3pzfEIzKnoza","-"
"1593625718.553297","CfwNep4yPnVpPx5Er8","10.0.2.15","40769","10.0.2.5","80","1","GET","10.0.2.5","/\x00","-","1.1","Mozilla/5.0 [en] (X11, U; OpenVAS-VT 9.0.3)","0","270","404","Not Found","-","-","(empty)","-","-","-","-","-","-","F7EKy447RSuhCuMATe","-"
"1593625718.954740","CkFvvq2y2I7jxrN5c","10.0.2.15","49579","10.0.2.5","80","1","GET","10.0.2.5","/appsuite/apps/io.ox/help/style.less","-","1.1","Mozilla/5.0 [en] (X11, U; OpenVAS-VT 9.0.3)","0","270","404","Not Found","-","-","(empty)","-","-","-","-","-","-","Fd5dUS2WFa3XayDHv1","-"
"1593625719.346974","Cv1Hd7LjINcth9Iog","10.0.2.15","33255","10.0.2.5","80","1","GET","10.0.2.5","/server/version","-","1.1","Mozilla/5.0 [en] (X11, U; OpenVAS-VT 9.0.3)","0","270","404","Not Found","-","-","(empty)","-","-","-","-","-","-","FHEb1C4qYr44zds6I3","-"
"1593625719.549409","C85QQp1t2fRtQE9i3","10.0.2.15","54845","10.0.2.5","80","1","GET","10.0.2.5","/sentinel/views/logon.html","-","1.1","Mozilla/5.0 [en] (X11, U; OpenVAS-VT 9.0.3)","0","270","404","Not Found","-","-","(empty)","-","-","-","-","-","-","Fu2jHw3UeHrLwiJjc5","-"
"1593625719.718806","CFLEIXyUbwgfq7Ga1","10.0.2.15","33539","10.0.2.5","80","1","GET","10.0.2.5","/api/v1/overview","-","1.1","Mozilla/5.0 [en] (X11, U; OpenVAS-VT 9.0.3)","0","270","404","Not Found","-","-","(empty)","-","-","-","-","-","-","Fuv4ee3EiTQtxBHR02","-"
"1593625720.108643","C3Rwnl3xls28HFEFvk","10.0.2.15","47823","10.0.2.5","80","1","GET","10.0.2.5","/cgi-bin/getServerValue.cgi?id=2","-","1.1","Mozilla/5.0 [en] (X11, U; OpenVAS-VT 9.0.3)","0","270","404","Not Found","-","-","(empty)","-","-","-","-","-","-","FgYwEq2wN7X3hpYPJ9","-"
"1593625720.297820","CIN56B4ahO5a0fm5k3","10.0.2.15","44757","10.0.2.5","80","1","GET","10.0.2.5","/continuum/about.action","-","1.1","Mozilla/5.0 [en] (X11, U; OpenVAS-VT 9.0.3)","0","270","404","Not Found","-","-","(empty)","-","-","-","-","-","-","FZKcnM2RxOIylv3YXc","-"
"1593625720.458124","CJbB0C236IhZZf3Jyk","10.0.2.15","49897","10.0.2.5","80","1","GET","10.0.2.5","/orion/login","-","1.1","Mozilla/5.0 [en] (X11, U; OpenVAS-VT 9.0.3)","0","270","404","Not Found","-","-","(empty)","-","-","-","-","-","-","FKCxeX12JqRq8u0bh","-"
"1593625721.631341","C5vFs32y2aQnK4DYy9","10.0.2.15","37803","10.0.2.5","80","1","GET","10.0.2.5","/api/version","-","1.1","Mozilla/5.0 [en] (X11, U; OpenVAS-VT 9.0.3)","0","270","404","Not Found","-","-","(empty)","-","-","-","-","-","-","FZXFRb1Nt7qXTHgzi2","-"
"1593625721.979675","CmLjqa3eQ6iVjTqsj3","10.0.2.15","52509","10.0.2.5","80","1","GET","10.0.2.5","/users/login","-","1.1","Mozilla/5.0 [en] (X11, U; OpenVAS-VT 9.0.3)","0","270","404","Not Found","-","-","(empty)","-","-","-","-","-","-","FtEQ9L37Z5EQ1E4qGg","-"
"1593625722.728051","CFyTVu1Ey6JqKOO75c","10.0.2.15","44037","10.0.2.5","80","1","GET","10.0.2.5","/caucho-status","-","1.1","Mozilla/5.0 [en] (X11, U; OpenVAS-VT 9.0.3)","0","270","404","Not Found","-","-","(empty)","-","-","-","-","-","-","FdFdT83Tt0bCWdYyqc","-"
"1593625723.236273","Ch02Ve4suGUtWvWQS4","10.0.2.15","52361","10.0.2.5","80","1","GET","10.0.2.5","/ssgmanager/about.jsf","-","1.1","Mozilla/5.0 [en] (X11, U; OpenVAS-VT 9.0.3)","0","270","404","Not Found","-","-","(empty)","-","-","-","-","-","-","FS2Qfl3tfhm48lqaK","-"
"1593625723.473016","CHWpOR1WVmKWy09XBh","10.0.2.15","60967","10.0.2.5","80","1","GET","10.0.2.5","/login.php","-","1.1","Mozilla/5.0 [en] (X11, U; OpenVAS-VT 9.0.3)","0","270","404","Not Found","-","-","(empty)","-","-","-","-","-","-","FPEbe2UXoVBt3Eou7","-"
"1593625723.631774","C15FG2vPmvZwkONW3","10.0.2.15","45445","10.0.2.5","80","1","GET","10.0.2.5","/i_dont_exist","-","1.1","Mozilla/5.0 [en] (X11, U; OpenVAS-VT 9.0.3)","0","270","404","Not Found","-","-","(empty)","-","-","-","-","-","-","FeZWYl1rqx2vdXZ5oa","-"
"1593625724.040252","CKaVJK2gqwZJ5npRNl","10.0.2.15","52561","10.0.2.5","80","1","GET","10.0.2.5","/server_version.xsl","-","1.1","Mozilla/5.0 [en] (X11, U; OpenVAS-VT 9.0.3)","0","270","404","Not Found","-","-","(empty)","-","-","-","-","-","-","F9bW0i1atE3DzC8kK2","-"
"1593625724.361181","C1JCdh2Cl2HdDIwgse","10.0.2.15","51985","10.0.2.5","80","1","GET","10.0.2.5","/xwiki/bin/view/Main/","-","1.1","Mozilla/5.0 [en] (X11, U; OpenVAS-VT 9.0.3)","0","270","404","Not Found","-","-","(empty)","-","-","-","-","-","-","FazXE9ZSuiSayKeVe","-"
"1593625724.505455","CUPLxVE7NzHJJ27M","10.0.2.15","33789","10.0.2.5","80","1","GET","10.0.2.5","/APG/info/about","-","1.1","Mozilla/5.0 [en] (X11, U; OpenVAS-VT 9.0.3)","0","270","404","Not Found","-","-","(empty)","-","-","-","-","-","-","FXEc95LiRPI1SaPEf","-"
"1593625724.867281","CKddHYjKNDtrGjZK5","10.0.2.15","50695","10.0.2.5","80","1","GET","10.0.2.5","/custom_lang/English.txt","-","1.1","Mozilla/5.0 [en] (X11, U; OpenVAS-VT 9.0.3)","0","270","404","Not Found","-","-","(empty)","-","-","-","-","-","-","FmSeESNl00nKKRNnd","-"
"1593625725.386244","CKrfsr1N6kzsNhV5v1","10.0.2.15","37899","10.0.2.5","80","1","GET","10.0.2.5","/gc/flash.php","-","1.1","Mozilla/5.0 [en] (X11, U; OpenVAS-VT 9.0.3)","0","270","404","Not Found","-","-","(empty)","-","-","-","-","-","-","FuDS0C2pRIqIqffwfj","-"
"1593625725.406246","CYOKHchl2X5rk6i3g","10.0.2.15","46913","10.0.2.5","80","1","GET","10.0.2.5","/","-","1.1","-","0","10918","200","OK","-","-","(empty)","-","-","-","-","-","-","FfGEDKioEnYNDreR6","-"
"1593625725.421267","CJ3DLSHdcGVG5dsvb","10.0.2.15","56741","10.0.2.5","80","1","GET","10.0.2.5","/nps/servlet/webacc?taskId=dev.Empty&merge=fw.About","-","1.1","Mozilla/5.0 [en] (X11, U; OpenVAS-VT 9.0.3)","0","270","404","Not Found","-","-","(empty)","-","-","-","-","-","-","F0RuQp4dZaiWVEblGf","-"
"1593625725.866724","Csr1hOT9Xr5ZKTLW3","10.0.2.15","51297","10.0.2.5","80","1","GET","10.0.2.5","/-wvhttp-01-/info.cgi","-","1.1","Mozilla/5.0 [en] (X11, U; OpenVAS-VT 9.0.3)","0","270","404","Not Found","-","-","(empty)","-","-","-","-","-","-","F1ur5B23PJ1z0IqIz8","-"
"1593625726.199997","C7Ke79DfiIactY3y8","10.0.2.15","33669","10.0.2.5","80","1","GET","10.0.2.5","/non-existent.html","-","1.1","Mozilla/5.0 [en] (X11, U; OpenVAS-VT 9.0.3)","0","270","404","Not Found","-","-","(empty)","-","-","-","-","-","-","F1YtWy25irYrluqgje","-"
"1593625726.753458","C4P3aeQ5ywIzNUYNf","10.0.2.15","52733","10.0.2.5","80","1","GET","10.0.2.5","/photo/","-","1.1","Mozilla/5.0 [en] (X11, U; OpenVAS-VT 9.0.3)","0","270","404","Not Found","-","-","(empty)","-","-","-","-","-","-","FP9yNzhlixVR9JFf5","-"
"1593625727.512942","ClWthl1UVFE5pDnME6","10.0.2.15","56855","10.0.2.5","80","1","GET","10.0.2.5","/CFIDE/administrator/index.cfm","-","1.1","Mozilla/5.0 [en] (X11, U; OpenVAS-VT 9.0.3)","0","270","404","Not Found","-","-","(empty)","-","-","-","-","-","-","FMKfvL37xkDQaBVOA1","-"
"1593625727.693991","C2XOFC3vi2yxOXhoz2","10.0.2.15","60669","10.0.2.5","80","4","GET","10.0.2.5","/.cobalt/","-","-","Mozilla/5.0 [en] (X11, U; OpenVAS-VT 9.0.3)","0","0","-","-","-","-","(empty)","-","-","-","-","-","-","-","-"
"1593625727.698896","Cdj5c037LUCl8Ht13l","10.0.2.15","37525","10.0.2.5","80","1","GET","10.0.2.5","/.cobalt/","-","1.1","Mozilla/5.0 [en] (X11, U; OpenVAS-VT 9.0.3)","0","270","404","Not Found","-","-","(empty)","-","-","-","-","-","-","FLoT2a3p1BEEqWjFO5","-"
"1593625727.706691","Cdj5c037LUCl8Ht13l","10.0.2.15","37525","10.0.2.5","80","2","GET","10.0.2.5","/.tools/","-","1.1","Mozilla/5.0 [en] (X11, U; OpenVAS-VT 9.0.3)","0","270","404","Not Found","-","-","(empty)","-","-","-","-","-","-","FRREMm3dRoJkZBSLFl","-"
"1593625727.714956","Cdj5c037LUCl8Ht13l","10.0.2.15","37525","10.0.2.5","80","3","GET","10.0.2.5","/.tools/phpMyAdmin/","-","1.1","Mozilla/5.0 [en] (X11, U; OpenVAS-VT 9.0.3)","0","270","404","Not Found","-","-","(empty)","-","-","-","-","-","-","FMLTQi4uIROdsER1O","-"
"1593625727.726291","Cdj5c037LUCl8Ht13l","10.0.2.15","37525","10.0.2.5","80","4","GET","10.0.2.5","/.tools/phpMyAdmin/current/","-","1.1","Mozilla/5.0 [en] (X11, U; OpenVAS-VT 9.0.3)","0","270","404","Not Found","-","-","(empty)","-","-","-","-","-","-","F34dDa4bcnpHsv3o88","-"
"1593625727.735761","Cdj5c037LUCl8Ht13l","10.0.2.15","37525","10.0.2.5","80","5","GET","10.0.2.5","/.well-known/","-","1.1","Mozilla/5.0 [en] (X11, U; OpenVAS-VT 9.0.3)","0","270","404","Not Found","-","-","(empty)","-","-","-","-","-","-","F9bJEx4dzxVbMcH1n","-"
"1593625727.745409","Cdj5c037LUCl8Ht13l","10.0.2.15","37525","10.0.2.5","80","6","GET","10.0.2.5","/.well-known/acme-challenge/","-","1.1","Mozilla/5.0 [en] (X11, U; OpenVAS-VT 9.0.3)","0","270","404","Not Found","-","-","(empty)","-","-","-","-","-","-","F7Sypt2HFZBlD5Nlof","-"
"1593625727.761459","Cdj5c037LUCl8Ht13l","10.0.2.15","37525","10.0.2.5","80","7","GET","10.0.2.5","/.well-known/caldav/","-","1.1","Mozilla/5.0 [en] (X11, U; OpenVAS-VT 9.0.3)","0","270","404","Not Found","-","-","(empty)","-","-","-","-","-","-","FgQ1bk44aRrPS2U8h2","-"
"1593625727.766646","Cdj5c037LUCl8Ht13l","10.0.2.15","37525","10.0.2.5","80","8","GET","10.0.2.5","/.well-known/carddav/","-","1.1","Mozilla/5.0 [en] (X11, U; OpenVAS-VT 9.0.3)","0","270","404","Not Found","-","-","(empty)","-","-","-","-","-","-","FX45292SDgPMgTSgnf","-"
"1593625727.777494","Cdj5c037LUCl8Ht13l","10.0.2.15","37525","10.0.2.5","80","9","GET","10.0.2.5","/.well-known/host-meta/","-","1.1","Mozilla/5.0 [en] (X11, U; OpenVAS-VT 9.0.3)","0","270","404","Not Found","-","-","(empty)","-","-","-","-","-","-","FzOkaNl8N7ig0Zu7l","-"
"1593625727.787543","Cdj5c037LUCl8Ht13l","10.0.2.15","37525","10.0.2.5","80","10","GET","10.0.2.5","/.well-known/pki-validation/","-","1.1","Mozilla/5.0 [en] (X11, U; OpenVAS-VT 9.0.3)","0","270","404","Not Found","-","-","(empty)","-","-","-","-","-","-","FlI4lO3tJqektBp8Zd","-"
"1593625727.796113","Cdj5c037LUCl8Ht13l","10.0.2.15","37525","10.0.2.5","80","11","GET","10.0.2.5","/1/","-","1.1","Mozilla/5.0 [en] (X11, U; OpenVAS-VT 9.0.3)","0","270","404","Not Found","-","-","(empty)","-","-","-","-","-","-","FCu3dl25qKwgHCjVi1","-"
"1593625727.801879","Cdj5c037LUCl8Ht13l","10.0.2.15","37525","10.0.2.5","80","12","GET","10.0.2.5","/10/","-","1.1","Mozilla/5.0 [en] (X11, U; OpenVAS-VT 9.0.3)","0","270","404","Not Found","-","-","(empty)","-","-","-","-","-","-","FV8bi31VUEGBWK872k","-"
"1593625727.809892","Cdj5c037LUCl8Ht13l","10.0.2.15","37525","10.0.2.5","80","13","GET","10.0.2.5","/2/","-","1.1","Mozilla/5.0 [en] (X11, U; OpenVAS-VT 9.0.3)","0","270","404","Not Found","-","-","(empty)","-","-","-","-","-","-","FIHYfy3EP2smXepBm5","-"
"1593625727.821870","Cdj5c037LUCl8Ht13l","10.0.2.15","37525","10.0.2.5","80","14","GET","10.0.2.5","/3/","-","1.1","Mozilla/5.0 [en] (X11, U; OpenVAS-VT 9.0.3)","0","270","404","Not Found","-","-","(empty)","-","-","-","-","-","-","F2AMJi3YPDNQZNf7lk","-"
"1593625727.834006","Cdj5c037LUCl8Ht13l","10.0.2.15","37525","10.0.2.5","80","15","GET","10.0.2.5","/4/","-","1.1","Mozilla/5.0 [en] (X11, U; OpenVAS-VT 9.0.3)","0","270","404","Not Found","-","-","(empty)","-","-","-","-","-","-","FyKTShscmV0Khkyg1","-"
"1593625727.841850","Cdj5c037LUCl8Ht13l","10.0.2.15","37525","10.0.2.5","80","16","GET","10.0.2.5","/5/","-","1.1","Mozilla/5.0 [en] (X11, U; OpenVAS-VT 9.0.3)","0","270","404","Not Found","-","-","(empty)","-","-","-","-","-","-","FjL8RU3fFtnHBXPzC4","-"
"1593625727.853424","Cdj5c037LUCl8Ht13l","10.0.2.15","37525","10.0.2.5","80","17","GET","10.0.2.5","/6/","-","1.1","Mozilla/5.0 [en] (X11, U; OpenVAS-VT 9.0.3)","0","270","404","Not Found","-","-","(empty)","-","-","-","-","-","-","FaVZvl4MqqhXxkGdq7","-"
"1593625727.865723","Cdj5c037LUCl8Ht13l","10.0.2.15","37525","10.0.2.5","80","18","GET","10.0.2.5","/7/","-","1.1","Mozilla/5.0 [en] (X11, U; OpenVAS-VT 9.0.3)","0","270","404","Not Found","-","-","(empty)","-","-","-","-","-","-","FznuBO1DyRTs2X5h1a","-"
"1593625727.879004","Cdj5c037LUCl8Ht13l","10.0.2.15","37525","10.0.2.5","80","19","GET","10.0.2.5","/8/","-","1.1","Mozilla/5.0 [en] (X11, U; OpenVAS-VT 9.0.3)","0","270","404","Not Found","-","-","(empty)","-","-","-","-","-","-","FRvJme48AhTfruU5q9","-"
"1593625727.891040","Cdj5c037LUCl8Ht13l","10.0.2.15","37525","10.0.2.5","80","20","GET","10.0.2.5","/9/","-","1.1","Mozilla/5.0 [en] (X11, U; OpenVAS-VT 9.0.3)","0","270","404","Not Found","-","-","(empty)","-","-","-","-","-","-","FFCYkfaXwsKECHkbc","-"
"1593625727.899152","Cdj5c037LUCl8Ht13l","10.0.2.15","37525","10.0.2.5","80","21","GET","10.0.2.5","/3rdparty/","-","1.1","Mozilla/5.0 [en] (X11, U; OpenVAS-VT 9.0.3)","0","270","404","Not Found","-","-","(empty)","-","-","-","-","-","-","FAbcGCJrbqXZZREQ7","-"
"1593625727.913641","Cdj5c037LUCl8Ht13l","10.0.2.15","37525","10.0.2.5","80","22","GET","10.0.2.5","/3rdparty/phpMyAdmin/","-","1.1","Mozilla/5.0 [en] (X11, U; OpenVAS-VT 9.0.3)","0","270","404","Not Found","-","-","(empty)","-","-","-","-","-","-","FGWar4aVtIvtOsJuk","-"
"1593625727.933571","Cdj5c037LUCl8Ht13l","10.0.2.15","37525","10.0.2.5","80","23","GET","10.0.2.5","/3rdparty/phpmyadmin/","-","1.1","Mozilla/5.0 [en] (X11, U; OpenVAS-VT 9.0.3)","0","270","404","Not Found","-","-","(empty)","-","-","-","-","-","-","Fh4tLz2kzERgzRsYr2","-"
"1593625727.948089","Cdj5c037LUCl8Ht13l","10.0.2.15","37525","10.0.2.5","80","24","GET","10.0.2.5","/AdminWeb/","-","1.1","Mozilla/5.0 [en] (X11, U; OpenVAS-VT 9.0.3)","0","270","404","Not Found","-","-","(empty)","-","-","-","-","-","-","FSDomp3ocsujxfOsqa","-"
"1593625727.964396","Cdj5c037LUCl8Ht13l","10.0.2.15","37525","10.0.2.5","80","25","GET","10.0.2.5","/Admin_files/","-","1.1","Mozilla/5.0 [en] (X11, U; OpenVAS-VT 9.0.3)","0","270","404","Not Found","-","-","(empty)","-","-","-","-","-","-","F5H4k34zNSMDgtlYla","-"
"1593625727.970410","Cdj5c037LUCl8Ht13l","10.0.2.15","37525","10.0.2.5","80","26","GET","10.0.2.5","/Administration/","-","1.1","Mozilla/5.0 [en] (X11, U; OpenVAS-VT 9.0.3)","0","270","404","Not Found","-","-","(empty)","-","-","-","-","-","-","FvhHXf4whZtFvihGs8","-"
"1593625727.989394","Cdj5c037LUCl8Ht13l","10.0.2.15","37525","10.0.2.5","80","27","GET","10.0.2.5","/AdvWebAdmin/","-","1.1","Mozilla/5.0 [en] (X11, U; OpenVAS-VT 9.0.3)","0","270","404","Not Found","-","-","(empty)","-","-","-","-","-","-","FLq5PLMIUbC7ZhNe6","-"
"1593625727.997480","Cdj5c037LUCl8Ht13l","10.0.2.15","37525","10.0.2.5","80","28","GET","10.0.2.5","/Agent/","-","1.1","Mozilla/5.0 [en] (X11, U; OpenVAS-VT 9.0.3)","0","270","404","Not Found","-","-","(empty)","-","-","-","-","-","-","FdKdzC1a0QWR26tWAk","-"
"1593625728.021631","Cdj5c037LUCl8Ht13l","10.0.2.15","37525","10.0.2.5","80","29","GET","10.0.2.5","/Agents/","-","1.1","Mozilla/5.0 [en] (X11, U; OpenVAS-VT 9.0.3)","0","270","404","Not Found","-","-","(empty)","-","-","-","-","-","-","FazketVqFdV7a5JZ9","-"
"1593625728.029573","Cdj5c037LUCl8Ht13l","10.0.2.15","37525","10.0.2.5","80","30","GET","10.0.2.5","/Album/","-","1.1","Mozilla/5.0 [en] (X11, U; OpenVAS-VT 9.0.3)","0","270","404","Not Found","-","-","(empty)","-","-","-","-","-","-","FkckU3308htTZIBUZ8","-"
"1593625728.037659","Cdj5c037LUCl8Ht13l","10.0.2.15","37525","10.0.2.5","80","31","GET","10.0.2.5","/AlbumArt_/","-","1.1","Mozilla/5.0 [en] (X11, U; OpenVAS-VT 9.0.3)","0","270","404","Not Found","-","-","(empty)","-","-","-","-","-","-","FA2LR68bFVDbFz4j6","-"
"1593625728.047193","Cdj5c037LUCl8Ht13l","10.0.2.15","37525","10.0.2.5","80","32","GET","10.0.2.5","/BizTalkTracking/","-","1.1","Mozilla/5.0 [en] (X11, U; OpenVAS-VT 9.0.3)","0","270","404","Not Found","-","-","(empty)","-","-","-","-","-","-","FCaafb4GjctINEpn07","-"
"1593625728.060099","Cdj5c037LUCl8Ht13l","10.0.2.15","37525","10.0.2.5","80","33","GET","10.0.2.5","/BizTalkServerDocs/","-","1.1","Mozilla/5.0 [en] (X11, U; OpenVAS-VT 9.0.3)","0","270","404","Not Found","-","-","(empty)","-","-","-","-","-","-","FKmPAJ2M1SMw2MJ3U7","-"
"1593625728.065417","CIk3yW1J3PXgX372rf","10.0.2.15","59129","10.0.2.5","80","1","GET","10.0.2.5","/arcgis/rest/services/","-","1.1","Mozilla/5.0 [en] (X11, U; OpenVAS-VT 9.0.3)","0","270","404","Not Found","-","-","(empty)","-","-","-","-","-","-","FUSLEv1oFDnwCSdNYg","-"
"1593625728.075224","Cdj5c037LUCl8Ht13l","10.0.2.15","37525","10.0.2.5","80","34","GET","10.0.2.5","/BizTalkServerRepository/","-","1.1","Mozilla/5.0 [en] (X11, U; OpenVAS-VT 9.0.3)","0","270","404","Not Found","-","-","(empty)","-","-","-","-","-","-","FdHcX13MfiUDXX7U8h","-"
"1593625728.085490","Cdj5c037LUCl8Ht13l","10.0.2.15","37525","10.0.2.5","80","35","GET","10.0.2.5","/Boutiques/","-","1.1","Mozilla/5.0 [en] (X11, U; OpenVAS-VT 9.0.3)","0","270","404","Not Found","-","-","(empty)","-","-","-","-","-","-","FVWry14G9THjXMaUJ8","-"
"1593625728.093736","Cdj5c037LUCl8Ht13l","10.0.2.15","37525","10.0.2.5","80","36","GET","10.0.2.5","/Corporate/","-","1.1","Mozilla/5.0 [en] (X11, U; OpenVAS-VT 9.0.3)","0","270","404","Not Found","-","-","(empty)","-","-","-","-","-","-","FI4s7Z1EqbplqS8YU7","-"
"1593625728.099610","Cdj5c037LUCl8Ht13l","10.0.2.15","37525","10.0.2.5","80","37","GET","10.0.2.5","/CS/","-","1.1","Mozilla/5.0 [en] (X11, U; OpenVAS-VT 9.0.3)","0","270","404","Not Found","-","-","(empty)","-","-","-","-","-","-","FGLUUl2OADdFZgDeLc","-"
"1593625728.110416","Cdj5c037LUCl8Ht13l","10.0.2.15","37525","10.0.2.5","80","38","GET","10.0.2.5","/CVS/","-","1.1","Mozilla/5.0 [en] (X11, U; OpenVAS-VT 9.0.3)","0","270","404","Not Found","-","-","(empty)","-","-","-","-","-","-","FOG7ns1AxwTu8TK2zf","-"
"1593625728.117170","Cdj5c037LUCl8Ht13l","10.0.2.15","37525","10.0.2.5","80","39","GET","10.0.2.5","/DB4Web/","-","1.1","Mozilla/5.0 [en] (X11, U; OpenVAS-VT 9.0.3)","0","270","404","Not Found","-","-","(empty)","-","-","-","-","-","-","FlcFNSETR70ZaV5mg","-"
"1593625728.128855","Cdj5c037LUCl8Ht13l","10.0.2.15","37525","10.0.2.5","80","40","GET","10.0.2.5","/DMR/","-","1.1","Mozilla/5.0 [en] (X11, U; OpenVAS-VT 9.0.3)","0","270","404","Not Found","-","-","(empty)","-","-","-","-","-","-","FE54Lb3ECu8PoY6aDh","-"
"1593625728.138682","Cdj5c037LUCl8Ht13l","10.0.2.15","37525","10.0.2.5","80","41","GET","10.0.2.5","/DocuColor/","-","1.1","Mozilla/5.0 [en] (X11, U; OpenVAS-VT 9.0.3)","0","270","404","Not Found","-","-","(empty)","-","-","-","-","-","-","FmBcOt1hoRNKlCrxya","-"
"1593625728.149278","Cdj5c037LUCl8Ht13l","10.0.2.15","37525","10.0.2.5","80","42","GET","10.0.2.5","/DVWA/","-","1.1","Mozilla/5.0 [en] (X11, U; OpenVAS-VT 9.0.3)","0","270","404","Not Found","-","-","(empty)","-","-","-","-","-","-","Fcv2ndle7CfnTosPl","-"
"1593625728.154101","Cdj5c037LUCl8Ht13l","10.0.2.15","37525","10.0.2.5","80","43","GET","10.0.2.5","/GXApp/","-","1.1","Mozilla/5.0 [en] (X11, U; OpenVAS-VT 9.0.3)","0","270","404","Not Found","-","-","(empty)","-","-","-","-","-","-","F3pw2U34C8PzX0hljf","-"
"1593625728.162511","Cdj5c037LUCl8Ht13l","10.0.2.15","37525","10.0.2.5","80","44","GET","10.0.2.5","/HB/","-","1.1","Mozilla/5.0 [en] (X11, U; OpenVAS-VT 9.0.3)","0","270","404","Not Found","-","-","(empty)","-","-","-","-","-","-","FOFSlFKuZsDr7ex85","-"
"1593625728.169256","Cdj5c037LUCl8Ht13l","10.0.2.15","37525","10.0.2.5","80","45","GET","10.0.2.5","/HBTemplates/","-","1.1","Mozilla/5.0 [en] (X11, U; OpenVAS-VT 9.0.3)","0","270","404","Not Found","-","-","(empty)","-","-","-","-","-","-","FQscGwKCgJPfte2S3","-"
"1593625728.177213","Cdj5c037LUCl8Ht13l","10.0.2.15","37525","10.0.2.5","80","46","GET","10.0.2.5","/IBMWebAS/","-","1.1","Mozilla/5.0 [en] (X11, U; OpenVAS-VT 9.0.3)","0","270","404","Not Found","-","-","(empty)","-","-","-","-","-","-","FklTah10gpPtdje5kb","-"
"1593625728.200497","Cdj5c037LUCl8Ht13l","10.0.2.15","37525","10.0.2.5","80","47","GET","10.0.2.5","/Install/","-","1.1","Mozilla/5.0 [en] (X11, U; OpenVAS-VT 9.0.3)","0","270","404","Not Found","-","-","(empty)","-","-","-","-","-","-","FZTbom2GM1wHi9Hdj1","-"
"1593625728.221979","Cdj5c037LUCl8Ht13l","10.0.2.15","37525","10.0.2.5","80","48","GET","10.0.2.5","/JBookIt/","-","1.1","Mozilla/5.0 [en] (X11, U; OpenVAS-VT 9.0.3)","0","270","404","Not Found","-","-","(empty)","-","-","-","-","-","-","FWho4i2lg0BBtpaUDh","-"
"1593625728.225987","Cdj5c037LUCl8Ht13l","10.0.2.15","37525","10.0.2.5","80","49","GET","10.0.2.5","/Log/","-","1.1","Mozilla/5.0 [en] (X11, U; OpenVAS-VT 9.0.3)","0","270","404","Not Found","-","-","(empty)","-","-","-","-","-","-","FKrTiR182bNS3XoMM7","-"
"1593625728.237401","Cdj5c037LUCl8Ht13l","10.0.2.15","37525","10.0.2.5","80","50","GET","10.0.2.5","/Mail/","-","1.1","Mozilla/5.0 [en] (X11, U; OpenVAS-VT 9.0.3)","0","270","404","Not Found","-","-","(empty)","-","-","-","-","-","-","FVLwHN368s1U1G3zK2","-"
"1593625728.245398","Cdj5c037LUCl8Ht13l","10.0.2.15","37525","10.0.2.5","80","51","GET","10.0.2.5","/MessagingManager/","-","1.1","Mozilla/5.0 [en] (X11, U; OpenVAS-VT 9.0.3)","0","270","404","Not Found","-","-","(empty)","-","-","-","-","-","-","FQOhv43OnzaduXeBRh","-"
"1593625728.254154","Cdj5c037LUCl8Ht13l","10.0.2.15","37525","10.0.2.5","80","52","GET","10.0.2.5","/Msword/","-","1.1","Mozilla/5.0 [en] (X11, U; OpenVAS-VT 9.0.3)","0","270","404","Not Found","-","-","(empty)","-","-","-","-","-","-","FkGbI44Q04uleSyWK6","-"
"1593625728.277830","Cdj5c037LUCl8Ht13l","10.0.2.15","37525","10.0.2.5","80","53","GET","10.0.2.5","/NSearch/","-","1.1","Mozilla/5.0 [en] (X11, U; OpenVAS-VT 9.0.3)","0","270","404","Not Found","-","-","(empty)","-","-","-","-","-","-","FNQbv71GNpEbp4WCFl","-"
"1593625728.279929","Cdj5c037LUCl8Ht13l","10.0.2.15","37525","10.0.2.5","80","54","GET","10.0.2.5","/NetDynamic/","-","1.1","Mozilla/5.0 [en] (X11, U; OpenVAS-VT 9.0.3)","0","270","404","Not Found","-","-","(empty)","-","-","-","-","-","-","Fm4hFaLB0O7DhmKli","-"
"1593625728.302959","Cdj5c037LUCl8Ht13l","10.0.2.15","37525","10.0.2.5","80","55","GET","10.0.2.5","/NetDynamics/","-","1.1","Mozilla/5.0 [en] (X11, U; OpenVAS-VT 9.0.3)","0","270","404","Not Found","-","-","(empty)","-","-","-","-","-","-","F5QnCI2e4MVCzx2g0a","-"
"1593625728.317435","Cdj5c037LUCl8Ht13l","10.0.2.15","37525","10.0.2.5","80","56","GET","10.0.2.5","/News/","-","1.1","Mozilla/5.0 [en] (X11, U; OpenVAS-VT 9.0.3)","0","270","404","Not Found","-","-","(empty)","-","-","-","-","-","-","FXBafv20gTRoLBkDl3","-"
"1593625728.326248","Cdj5c037LUCl8Ht13l","10.0.2.15","37525","10.0.2.5","80","57","GET","10.0.2.5","/PDG_Cart/","-","1.1","Mozilla/5.0 [en] (X11, U; OpenVAS-VT 9.0.3)","0","270","404","Not Found","-","-","(empty)","-","-","-","-","-","-","FIchxM1I0s0AhSE31","-"
"1593625728.342004","Cdj5c037LUCl8Ht13l","10.0.2.15","37525","10.0.2.5","80","58","GET","10.0.2.5","/QConvergeConsole/","-","1.1","Mozilla/5.0 [en] (X11, U; OpenVAS-VT 9.0.3)","0","270","404","Not Found","-","-","(empty)","-","-","-","-","-","-","FeBBsU2YEVAxHdBMna","-"
"1593625728.380459","Cdj5c037LUCl8Ht13l","10.0.2.15","37525","10.0.2.5","80","59","GET","10.0.2.5","/RCS/","-","1.1","Mozilla/5.0 [en] (X11, U; OpenVAS-VT 9.0.3)","0","270","404","Not Found","-","-","(empty)","-","-","-","-","-","-","F9KHEV1b7tAqh613Og","-"
"1593625728.390385","Cdj5c037LUCl8Ht13l","10.0.2.15","37525","10.0.2.5","80","60","GET","10.0.2.5","/README/","-","1.1","Mozilla/5.0 [en] (X11, U; OpenVAS-VT 9.0.3)","0","270","404","Not Found","-","-","(empty)","-","-","-","-","-","-","FGU2B2nSfs0RBfuKj","-"
"1593625728.417789","Cdj5c037LUCl8Ht13l","10.0.2.15","37525","10.0.2.5","80","61","GET","10.0.2.5","/ROADS/","-","1.1","Mozilla/5.0 [en] (X11, U; OpenVAS-VT 9.0.3)","0","270","404","Not Found","-","-","(empty)","-","-","-","-","-","-","FxufMs3VxPcuxidKJk","-"
"1593625728.429260","Cdj5c037LUCl8Ht13l","10.0.2.15","37525","10.0.2.5","80","62","GET","10.0.2.5","/Readme/","-","1.1","Mozilla/5.0 [en] (X11, U; OpenVAS-VT 9.0.3)","0","270","404","Not Found","-","-","(empty)","-","-","-","-","-","-","FAaa714ZReviuxVl2d","-"
"1593625728.434085","C7K8jW2xcugCVD2oT8","10.0.2.15","43529","10.0.2.5","80","1","GET","10.0.2.5","/ui/#/","-","1.1","Mozilla/5.0 [en] (X11, U; OpenVAS-VT 9.0.3)","0","301","400","Bad Request","-","-","(empty)","-","-","-","-","-","-","F2FuWq4uVfA0N34ayj","-"
"1593625728.457303","Cdj5c037LUCl8Ht13l","10.0.2.15","37525","10.0.2.5","80","63","GET","10.0.2.5","/Remote/","-","1.1","Mozilla/5.0 [en] (X11, U; OpenVAS-VT 9.0.3)","0","270","404","Not Found","-","-","(empty)","-","-","-","-","-","-","FNBFnn2N2dZCZErIz","-"
"1593625728.461730","Cdj5c037LUCl8Ht13l","10.0.2.15","37525","10.0.2.5","80","64","GET","10.0.2.5","/SilverStream/","-","1.1","Mozilla/5.0 [en] (X11, U; OpenVAS-VT 9.0.3)","0","270","404","Not Found","-","-","(empty)","-","-","-","-","-","-","F7diJ43JTQNFzuUtk","-"
"1593625728.477340","Cdj5c037LUCl8Ht13l","10.0.2.15","37525","10.0.2.5","80","65","GET","10.0.2.5","/Stats/","-","1.1","Mozilla/5.0 [en] (X11, U; OpenVAS-VT 9.0.3)","0","270","404","Not Found","-","-","(empty)","-","-","-","-","-","-","FQKLt61Q2gT2aCFJvc","-"
"1593625728.479407","Cdj5c037LUCl8Ht13l","10.0.2.15","37525","10.0.2.5","80","66","GET","10.0.2.5","/StoreDB/","-","1.1","Mozilla/5.0 [en] (X11, U; OpenVAS-VT 9.0.3)","0","270","404","Not Found","-","-","(empty)","-","-","-","-","-","-","FU8EkA4YujUn5mwFm1","-"
"1593625728.493741","Cdj5c037LUCl8Ht13l","10.0.2.15","37525","10.0.2.5","80","67","GET","10.0.2.5","/Templates/","-","1.1","Mozilla/5.0 [en] (X11, U; OpenVAS-VT 9.0.3)","0","270","404","Not Found","-","-","(empty)","-","-","-","-","-","-","FTXz761JFRPHwYRWe6","-"
"1593625728.509547","Cdj5c037LUCl8Ht13l","10.0.2.15","37525","10.0.2.5","80","68","GET","10.0.2.5","/ToDo/","-","1.1","Mozilla/5.0 [en] (X11, U; OpenVAS-VT 9.0.3)","0","270","404","Not Found","-","-","(empty)","-","-","-","-","-","-","FdbrkASBo879ZmIi9","-"
"1593625728.517661","Cdj5c037LUCl8Ht13l","10.0.2.15","37525","10.0.2.5","80","69","GET","10.0.2.5","/WebBank/","-","1.1","Mozilla/5.0 [en] (X11, U; OpenVAS-VT 9.0.3)","0","270","404","Not Found","-","-","(empty)","-","-","-","-","-","-","FgzDvF2H6olsrtuIbg","-"
"1593625728.527586","Cdj5c037LUCl8Ht13l","10.0.2.15","37525","10.0.2.5","80","70","GET","10.0.2.5","/WebCalendar/","-","1.1","Mozilla/5.0 [en] (X11, U; OpenVAS-VT 9.0.3)","0","270","404","Not Found","-","-","(empty)","-","-","-","-","-","-","Fpi8Lk4sW7V46kA4Ha","-"
"1593625728.544674","CCrX9j2aazRt2Wbu3b","10.0.2.15","37779","10.0.2.5","80","1","GET","10.0.2.5","/nnm/main","-","1.1","Mozilla/5.0 [en] (X11, U; OpenVAS-VT 9.0.3)","0","270","404","Not Found","-","-","(empty)","-","-","-","-","-","-","FFbICU3ESWev9TXI68","-"
"1593625728.545605","Cdj5c037LUCl8Ht13l","10.0.2.15","37525","10.0.2.5","80","71","GET","10.0.2.5","/WebDB/","-","1.1","Mozilla/5.0 [en] (X11, U; OpenVAS-VT 9.0.3)","0","270","404","Not Found","-","-","(empty)","-","-","-","-","-","-","FYmAOE1g53reoSdXD4","-"
"1593625728.558257","Cdj5c037LUCl8Ht13l","10.0.2.15","37525","10.0.2.5","80","72","GET","10.0.2.5","/WebShop/","-","1.1","Mozilla/5.0 [en] (X11, U; OpenVAS-VT 9.0.3)","0","270","404","Not Found","-","-","(empty)","-","-","-","-","-","-","FIocX113xQwrpGi7l8","-"
"1593625728.565444","Cdj5c037LUCl8Ht13l","10.0.2.15","37525","10.0.2.5","80","73","GET","10.0.2.5","/WebTrend/","-","1.1","Mozilla/5.0 [en] (X11, U; OpenVAS-VT 9.0.3)","0","270","404","Not Found","-","-","(empty)","-","-","-","-","-","-","F3NqDP3eZjP3LTVaTf","-"
"1593625728.573386","Cdj5c037LUCl8Ht13l","10.0.2.15","37525","10.0.2.5","80","74","GET","10.0.2.5","/Web_store/","-","1.1","Mozilla/5.0 [en] (X11, U; OpenVAS-VT 9.0.3)","0","270","404","Not Found","-","-","(empty)","-","-","-","-","-","-","FJ7d6r4Xf6unt8qTvi","-"
"1593625728.577493","Cdj5c037LUCl8Ht13l","10.0.2.15","37525","10.0.2.5","80","75","GET","10.0.2.5","/WSsamples/","-","1.1","Mozilla/5.0 [en] (X11, U; OpenVAS-VT 9.0.3)","0","270","404","Not Found","-","-","(empty)","-","-","-","-","-","-","FXrJYk27j08FoG9Rc","-"
"1593625728.602073","Cdj5c037LUCl8Ht13l","10.0.2.15","37525","10.0.2.5","80","76","GET","10.0.2.5","/XSL/","-","1.1","Mozilla/5.0 [en] (X11, U; OpenVAS-VT 9.0.3)","0","270","404","Not Found","-","-","(empty)","-","-","-","-","-","-","FgwAPIirHb4voZWKc","-"
"1593625728.622110","Cdj5c037LUCl8Ht13l","10.0.2.15","37525","10.0.2.5","80","77","GET","10.0.2.5","/_ScriptLibrary/","-","1.1","Mozilla/5.0 [en] (X11, U; OpenVAS-VT 9.0.3)","0","270","404","Not Found","-","-","(empty)","-","-","-","-","-","-","FZMq6920OvD2yCjn0i","-"
"1593625728.625129","Cdj5c037LUCl8Ht13l","10.0.2.15","37525","10.0.2.5","80","78","GET","10.0.2.5","/_backup/","-","1.1","Mozilla/5.0 [en] (X11, U; OpenVAS-VT 9.0.3)","0","270","404","Not Found","-","-","(empty)","-","-","-","-","-","-","Fhdltk26oxAahjG5Rc","-"
"1593625728.634244","Cdj5c037LUCl8Ht13l","10.0.2.15","37525","10.0.2.5","80","79","GET","10.0.2.5","/_derived/","-","1.1","Mozilla/5.0 [en] (X11, U; OpenVAS-VT 9.0.3)","0","270","404","Not Found","-","-","(empty)","-","-","-","-","-","-","Fvnw1ssWE7z9Ixqi2","-"
"1593625728.646790","Cdj5c037LUCl8Ht13l","10.0.2.15","37525","10.0.2.5","80","80","GET","10.0.2.5","/_errors/","-","1.1","Mozilla/5.0 [en] (X11, U; OpenVAS-VT 9.0.3)","0","270","404","Not Found","-","-","(empty)","-","-","-","-","-","-","FCagRV17CDfUjSoUV8","-"
"1593625728.659962","Cdj5c037LUCl8Ht13l","10.0.2.15","37525","10.0.2.5","80","81","GET","10.0.2.5","/_fpclass/","-","1.1","Mozilla/5.0 [en] (X11, U; OpenVAS-VT 9.0.3)","0","270","404","Not Found","-","-","(empty)","-","-","-","-","-","-","FJJGGt280f2l2g9bZ6","-"
"1593625728.669426","Cdj5c037LUCl8Ht13l","10.0.2.15","37525","10.0.2.5","80","82","GET","10.0.2.5","/_mem_bin/","-","1.1","Mozilla/5.0 [en] (X11, U; OpenVAS-VT 9.0.3)","0","270","404","Not Found","-","-","(empty)","-","-","-","-","-","-","FGGRIj42DFZVfG1x8j","-"
"1593625728.693699","Cdj5c037LUCl8Ht13l","10.0.2.15","37525","10.0.2.5","80","83","GET","10.0.2.5","/_notes/","-","1.1","Mozilla/5.0 [en] (X11, U; OpenVAS-VT 9.0.3)","0","270","404","Not Found","-","-","(empty)","-","-","-","-","-","-","FgrzDd2CBKt3G8FaW4","-"
"1593625728.698919","Cdj5c037LUCl8Ht13l","10.0.2.15","37525","10.0.2.5","80","84","GET","10.0.2.5","/_objects/","-","1.1","Mozilla/5.0 [en] (X11, U; OpenVAS-VT 9.0.3)","0","270","404","Not Found","-","-","(empty)","-","-","-","-","-","-","FMg06Y1zu0OjYo7dS8","-"
"1593625728.705836","Cdj5c037LUCl8Ht13l","10.0.2.15","37525","10.0.2.5","80","85","GET","10.0.2.5","/_old/","-","1.1","Mozilla/5.0 [en] (X11, U; OpenVAS-VT 9.0.3)","0","270","404","Not Found","-","-","(empty)","-","-","-","-","-","-","FuW9pU3FbCHhc8bOH1","-"
"1593625728.723766","Cdj5c037LUCl8Ht13l","10.0.2.15","37525","10.0.2.5","80","86","GET","10.0.2.5","/_pages/","-","1.1","Mozilla/5.0 [en] (X11, U; OpenVAS-VT 9.0.3)","0","270","404","Not Found","-","-","(empty)","-","-","-","-","-","-","F7mtBqrjeBjYnIbW4","-"
"1593625728.728689","Cdj5c037LUCl8Ht13l","10.0.2.15","37525","10.0.2.5","80","87","GET","10.0.2.5","/_passwords/","-","1.1","Mozilla/5.0 [en] (X11, U; OpenVAS-VT 9.0.3)","0","270","404","Not Found","-","-","(empty)","-","-","-","-","-","-","FmvnCS2KYektpWeXS3","-"
"1593625728.740453","Cdj5c037LUCl8Ht13l","10.0.2.15","37525","10.0.2.5","80","88","GET","10.0.2.5","/_private/","-","1.1","Mozilla/5.0 [en] (X11, U; OpenVAS-VT 9.0.3)","0","270","404","Not Found","-","-","(empty)","-","-","-","-","-","-","F6tDd81G6VUXxw98c3","-"
"1593625728.778953","Cdj5c037LUCl8Ht13l","10.0.2.15","37525","10.0.2.5","80","89","GET","10.0.2.5","/_scripts/","-","1.1","Mozilla/5.0 [en] (X11, U; OpenVAS-VT 9.0.3)","0","270","404","Not Found","-","-","(empty)","-","-","-","-","-","-","F6geS53lcUh0Gy1Bl1","-"
"1593625728.789562","Cdj5c037LUCl8Ht13l","10.0.2.15","37525","10.0.2.5","80","90","GET","10.0.2.5","/_sharedtemplates/","-","1.1","Mozilla/5.0 [en] (X11, U; OpenVAS-VT 9.0.3)","0","270","404","Not Found","-","-","(empty)","-","-","-","-","-","-","F9TxCc3oUfPxHvXGI7","-"
"1593625728.798968","Cdj5c037LUCl8Ht13l","10.0.2.15","37525","10.0.2.5","80","91","GET","10.0.2.5","/_tests/","-","1.1","Mozilla/5.0 [en] (X11, U; OpenVAS-VT 9.0.3)","0","270","404","Not Found","-","-","(empty)","-","-","-","-","-","-","Fk8DWK2wFKIxzEm7if","-"
"1593625728.820007","Cdj5c037LUCl8Ht13l","10.0.2.15","37525","10.0.2.5","80","92","GET","10.0.2.5","/_themes/","-","1.1","Mozilla/5.0 [en] (X11, U; OpenVAS-VT 9.0.3)","0","270","404","Not Found","-","-","(empty)","-","-","-","-","-","-","F0B11z3Hdb7GDzZiIk","-"
"1593625728.837362","Cdj5c037LUCl8Ht13l","10.0.2.15","37525","10.0.2.5","80","93","GET","10.0.2.5","/_vti_bin/","-","1.1","Mozilla/5.0 [en] (X11, U; OpenVAS-VT 9.0.3)","0","270","404","Not Found","-","-","(empty)","-","-","-","-","-","-","FLfFhq2DGjCAndTqa6","-"
"1593625728.845669","Cdj5c037LUCl8Ht13l","10.0.2.15","37525","10.0.2.5","80","94","GET","10.0.2.5","/_vti_bot/","-","1.1","Mozilla/5.0 [en] (X11, U; OpenVAS-VT 9.0.3)","0","270","404","Not Found","-","-","(empty)","-","-","-","-","-","-","FaP7yw3uFZz5H6DFdg","-"
"1593625728.862661","Cdj5c037LUCl8Ht13l","10.0.2.15","37525","10.0.2.5","80","95","GET","10.0.2.5","/_vti_log/","-","1.1","Mozilla/5.0 [en] (X11, U; OpenVAS-VT 9.0.3)","0","270","404","Not Found","-","-","(empty)","-","-","-","-","-","-","Flo07Q1xSQihoR1VE9","-"
"1593625728.869705","Cdj5c037LUCl8Ht13l","10.0.2.15","37525","10.0.2.5","80","96","GET","10.0.2.5","/_vti_pvt/","-","1.1","Mozilla/5.0 [en] (X11, U; OpenVAS-VT 9.0.3)","0","270","404","Not Found","-","-","(empty)","-","-","-","-","-","-","FvoA8Q1vnfEk4Texja","-"
"1593625728.879076","Cdj5c037LUCl8Ht13l","10.0.2.15","37525","10.0.2.5","80","97","GET","10.0.2.5","/_vti_shm/","-","1.1","Mozilla/5.0 [en] (X11, U; OpenVAS-VT 9.0.3)","0","270","404","Not Found","-","-","(empty)","-","-","-","-","-","-","FJGj0f49dG28bkzIme","-"
"1593625728.898312","Cdj5c037LUCl8Ht13l","10.0.2.15","37525","10.0.2.5","80","98","GET","10.0.2.5","/_vti_txt/","-","1.1","Mozilla/5.0 [en] (X11, U; OpenVAS-VT 9.0.3)","0","270","404","Not Found","-","-","(empty)","-","-","-","-","-","-","FGOVod4Y8zrA3cK4Q3","-"
"1593625728.910673","Cdj5c037LUCl8Ht13l","10.0.2.15","37525","10.0.2.5","80","99","GET","10.0.2.5","/a/","-","1.1","Mozilla/5.0 [en] (X11, U; OpenVAS-VT 9.0.3)","0","270","404","Not Found","-","-","(empty)","-","-","-","-","-","-","FqARAd4WoGc9NYthni","-"
"1593625728.912795","Cdj5c037LUCl8Ht13l","10.0.2.15","37525","10.0.2.5","80","100","GET","10.0.2.5","/about/","-","1.1","Mozilla/5.0 [en] (X11, U; OpenVAS-VT 9.0.3)","0","270","404","Not Found","-","-","(empty)","-","-","-","-","-","-","FF16FUlKBHCzCXse2","-"
"1593625728.926040","Cdj5c037LUCl8Ht13l","10.0.2.15","37525","10.0.2.5","80","101","GET","10.0.2.5","/acceso/","-","1.1","Mozilla/5.0 [en] (X11, U; OpenVAS-VT 9.0.3)","0","270","404","Not Found","-","-","(empty)","-","-","-","-","-","-","FXyTlKo4oWaUU4Vc9","-"
"1593625728.946074","Cueu4v3vUe456lsrvc","10.0.2.15","47111","10.0.2.5","80","1","GET","10.0.2.5","/access/","-","1.1","Mozilla/5.0 [en] (X11, U; OpenVAS-VT 9.0.3)","0","270","404","Not Found","-","-","(empty)","-","-","-","-","-","-","FV5Hhb2OFGRT5ljqe3","-"
"1593625728.951815","Cueu4v3vUe456lsrvc","10.0.2.15","47111","10.0.2.5","80","2","GET","10.0.2.5","/accesswatch/","-","1.1","Mozilla/5.0 [en] (X11, U; OpenVAS-VT 9.0.3)","0","270","404","Not Found","-","-","(empty)","-","-","-","-","-","-","FDGRt51DxEQbu63cX7","-"
"1593625728.968683","Cueu4v3vUe456lsrvc","10.0.2.15","47111","10.0.2.5","80","3","GET","10.0.2.5","/acciones/","-","1.1","Mozilla/5.0 [en] (X11, U; OpenVAS-VT 9.0.3)","0","270","404","Not Found","-","-","(empty)","-","-","-","-","-","-","FYysm63l6STYDYhY1","-"
"1593625728.980656","ClDfss4LbnP9DN4Vbk","10.0.2.15","38815","10.0.2.5","80","1","GET","10.0.2.5","/tunnel","-","-","Mozilla/5.0 [en] (X11, U; OpenVAS-VT 9.0.3)","0","0","-","-","-","-","(empty)","-","-","-","-","-","-","-","-"
"1593625728.985382","Cueu4v3vUe456lsrvc","10.0.2.15","47111","10.0.2.5","80","4","GET","10.0.2.5","/account/","-","1.1","Mozilla/5.0 [en] (X11, U; OpenVAS-VT 9.0.3)","0","270","404","Not Found","-","-","(empty)","-","-","-","-","-","-","FN6QW01D7SNW0HM18i","-"
"1593625729.004140","Cueu4v3vUe456lsrvc","10.0.2.15","47111","10.0.2.5","80","5","GET","10.0.2.5","/accounting/","-","1.1","Mozilla/5.0 [en] (X11, U; OpenVAS-VT 9.0.3)","0","270","404","Not Found","-","-","(empty)","-","-","-","-","-","-","FJuaA23W2D2b6Mafd6","-"
"1593625729.013286","Cueu4v3vUe456lsrvc","10.0.2.15","47111","10.0.2.5","80","6","GET","10.0.2.5","/activex/","-","1.1","Mozilla/5.0 [en] (X11, U; OpenVAS-VT 9.0.3)","0","270","404","Not Found","-","-","(empty)","-","-","-","-","-","-","F9RFby2CT3P3JB0fS1","-"
"1593625729.016708","Cueu4v3vUe456lsrvc","10.0.2.15","47111","10.0.2.5","80","7","GET","10.0.2.5","/adm/","-","1.1","Mozilla/5.0 [en] (X11, U; OpenVAS-VT 9.0.3)","0","270","404","Not Found","-","-","(empty)","-","-","-","-","-","-","Fml01t13OtkdOF2aZa","-"
"1593625729.028761","Cueu4v3vUe456lsrvc","10.0.2.15","47111","10.0.2.5","80","8","GET","10.0.2.5","/admcgi/","-","1.1","Mozilla/5.0 [en] (X11, U; OpenVAS-VT 9.0.3)","0","270","404","Not Found","-","-","(empty)","-","-","-","-","-","-","FoNTJX1l3KT5oLZzRi","-"
"1593625729.038672","Cueu4v3vUe456lsrvc","10.0.2.15","47111","10.0.2.5","80","9","GET","10.0.2.5","/admentor/","-","1.1","Mozilla/5.0 [en] (X11, U; OpenVAS-VT 9.0.3)","0","270","404","Not Found","-","-","(empty)","-","-","-","-","-","-","FsL9MN1wcLTpOvRE3k","-"
"1593625729.049659","Cueu4v3vUe456lsrvc","10.0.2.15","47111","10.0.2.5","80","10","GET","10.0.2.5","/admin_/","-","1.1","Mozilla/5.0 [en] (X11, U; OpenVAS-VT 9.0.3)","0","270","404","Not Found","-","-","(empty)","-","-","-","-","-","-","FpzSi61PgPda9SR3t5","-"
"1593625729.053855","Cueu4v3vUe456lsrvc","10.0.2.15","47111","10.0.2.5","80","11","GET","10.0.2.5","/admin.back/","-","1.1","Mozilla/5.0 [en] (X11, U; OpenVAS-VT 9.0.3)","0","270","404","Not Found","-","-","(empty)","-","-","-","-","-","-","Fnmaoq1jqWaEkMgdT6","-"
"1593625729.063053","Cueu4v3vUe456lsrvc","10.0.2.15","47111","10.0.2.5","80","12","GET","10.0.2.5","/admin-bak/","-","1.1","Mozilla/5.0 [en] (X11, U; OpenVAS-VT 9.0.3)","0","270","404","Not Found","-","-","(empty)","-","-","-","-","-","-","FVtkxg4SPruKJvNaD9","-"
"1593625729.088536","Cueu4v3vUe456lsrvc","10.0.2.15","47111","10.0.2.5","80","13","GET","10.0.2.5","/adminer/","-","1.1","Mozilla/5.0 [en] (X11, U; OpenVAS-VT 9.0.3)","0","270","404","Not Found","-","-","(empty)","-","-","-","-","-","-","FGUY8f3MOts6GLmWFk","-"
"1593625729.121865","Cueu4v3vUe456lsrvc","10.0.2.15","47111","10.0.2.5","80","14","GET","10.0.2.5","/administration/","-","1.1","Mozilla/5.0 [en] (X11, U; OpenVAS-VT 9.0.3)","0","270","404","Not Found","-","-","(empty)","-","-","-","-","-","-","FyiQ1I3ug7RtQ59i06","-"
"1593625729.124571","Cueu4v3vUe456lsrvc","10.0.2.15","47111","10.0.2.5","80","15","GET","10.0.2.5","/administrator/","-","1.1","Mozilla/5.0 [en] (X11, U; OpenVAS-VT 9.0.3)","0","270","404","Not Found","-","-","(empty)","-","-","-","-","-","-","FI3V9D2sznuEDfMU1h","-"
"1593625729.132581","Cueu4v3vUe456lsrvc","10.0.2.15","47111","10.0.2.5","80","16","GET","10.0.2.5","/admin-old/","-","1.1","Mozilla/5.0 [en] (X11, U; OpenVAS-VT 9.0.3)","0","270","404","Not Found","-","-","(empty)","-","-","-","-","-","-","FqLhuZ1ixZsRYQIN5e","-"
"1593625729.155433","Cueu4v3vUe456lsrvc","10.0.2.15","47111","10.0.2.5","80","17","GET","10.0.2.5","/adminuser/","-","1.1","Mozilla/5.0 [en] (X11, U; OpenVAS-VT 9.0.3)","0","270","404","Not Found","-","-","(empty)","-","-","-","-","-","-","FOQeky2iiBz92zqKQl","-"
"1593625729.164718","Cueu4v3vUe456lsrvc","10.0.2.15","47111","10.0.2.5","80","18","GET","10.0.2.5","/adminweb/","-","1.1","Mozilla/5.0 [en] (X11, U; OpenVAS-VT 9.0.3)","0","270","404","Not Found","-","-","(empty)","-","-","-","-","-","-","FbFydH2oIfBXR8wuqg","-"
"1593625729.171451","Cueu4v3vUe456lsrvc","10.0.2.15","47111","10.0.2.5","80","19","GET","10.0.2.5","/admisapi/","-","1.1","Mozilla/5.0 [en] (X11, U; OpenVAS-VT 9.0.3)","0","270","404","Not Found","-","-","(empty)","-","-","-","-","-","-","F5xb4C378j05RKJYK1","-"
"1593625729.191765","Cueu4v3vUe456lsrvc","10.0.2.15","47111","10.0.2.5","80","20","GET","10.0.2.5","/agentes/","-","1.1","Mozilla/5.0 [en] (X11, U; OpenVAS-VT 9.0.3)","0","270","404","Not Found","-","-","(empty)","-","-","-","-","-","-","FqvfO91TjJ34vpiJ19","-"
"1593625729.204901","Cueu4v3vUe456lsrvc","10.0.2.15","47111","10.0.2.5","80","21","GET","10.0.2.5","/analog/","-","1.1","Mozilla/5.0 [en] (X11, U; OpenVAS-VT 9.0.3)","0","270","404","Not Found","-","-","(empty)","-","-","-","-","-","-","F1IS4h6gPD5ujCtb8","-"
"1593625729.221632","Cueu4v3vUe456lsrvc","10.0.2.15","47111","10.0.2.5","80","22","GET","10.0.2.5","/analytics/","-","1.1","Mozilla/5.0 [en] (X11, U; OpenVAS-VT 9.0.3)","0","270","404","Not Found","-","-","(empty)","-","-","-","-","-","-","FJcZVo1iEhTxvF9KO2","-"
"1593625729.226736","Cueu4v3vUe456lsrvc","10.0.2.15","47111","10.0.2.5","80","23","GET","10.0.2.5","/anthill/","-","1.1","Mozilla/5.0 [en] (X11, U; OpenVAS-VT 9.0.3)","0","270","404","Not Found","-","-","(empty)","-","-","-","-","-","-","FxLaMU9gqDIpsYBag","-"
"1593625729.238965","CN7s6j1kaGpNKHY2Xk","10.0.2.15","46733","10.0.2.5","80","1","GET","10.0.2.5","/SilverStream/Meta/Tables/?access-mode=text","-","1.1","Mozilla/5.0 [en] (X11, U; OpenVAS-VT 9.0.3)","0","270","404","Not Found","-","-","(empty)","-","-","-","-","-","-","FpjXPDjgHQmzy36kj","-"
"1593625729.245182","Cueu4v3vUe456lsrvc","10.0.2.15","47111","10.0.2.5","80","24","GET","10.0.2.5","/apache/","-","1.1","Mozilla/5.0 [en] (X11, U; OpenVAS-VT 9.0.3)","0","270","404","Not Found","-","-","(empty)","-","-","-","-","-","-","FHYsUk43997FjyLvGc","-"
"1593625729.262105","Cueu4v3vUe456lsrvc","10.0.2.15","47111","10.0.2.5","80","25","GET","10.0.2.5","/api/","-","1.1","Mozilla/5.0 [en] (X11, U; OpenVAS-VT 9.0.3)","0","270","404","Not Found","-","-","(empty)","-","-","-","-","-","-","FOUge4r3sQcPtBAR7","-"
"1593625729.265275","Cueu4v3vUe456lsrvc","10.0.2.15","47111","10.0.2.5","80","26","GET","10.0.2.5","/app/","-","1.1","Mozilla/5.0 [en] (X11, U; OpenVAS-VT 9.0.3)","0","270","404","Not Found","-","-","(empty)","-","-","-","-","-","-","F46zW2177VBVS24m8f","-"
"1593625729.277326","Cueu4v3vUe456lsrvc","10.0.2.15","47111","10.0.2.5","80","27","GET","10.0.2.5","/applets/","-","1.1","Mozilla/5.0 [en] (X11, U; OpenVAS-VT 9.0.3)","0","270","404","Not Found","-","-","(empty)","-","-","-","-","-","-","FwS3nbPMawJmnsOG8","-"
"1593625729.285217","Cueu4v3vUe456lsrvc","10.0.2.15","47111","10.0.2.5","80","28","GET","10.0.2.5","/application/","-","1.1","Mozilla/5.0 [en] (X11, U; OpenVAS-VT 9.0.3)","0","270","404","Not Found","-","-","(empty)","-","-","-","-","-","-","F6AzVm3V8z6Ufn0JA1","-"
"1593625729.293921","Cueu4v3vUe456lsrvc","10.0.2.15","47111","10.0.2.5","80","29","GET","10.0.2.5","/applications/","-","1.1","Mozilla/5.0 [en] (X11, U; OpenVAS-VT 9.0.3)","0","270","404","Not Found","-","-","(empty)","-","-","-","-","-","-","FGzYbC4VEvbTdOyR44","-"
"1593625729.301628","Cueu4v3vUe456lsrvc","10.0.2.15","47111","10.0.2.5","80","30","GET","10.0.2.5","/apps/","-","1.1","Mozilla/5.0 [en] (X11, U; OpenVAS-VT 9.0.3)","0","270","404","Not Found","-","-","(empty)","-","-","-","-","-","-","FY80VD2rtaYk69z1E5","-"
"1593625729.310445","Cueu4v3vUe456lsrvc","10.0.2.15","47111","10.0.2.5","80","31","GET","10.0.2.5","/ar/","-","1.1","Mozilla/5.0 [en] (X11, U; OpenVAS-VT 9.0.3)","0","270","404","Not Found","-","-","(empty)","-","-","-","-","-","-","FO1RqS1CHqo9SuTpm8","-"
"1593625729.317650","Cueu4v3vUe456lsrvc","10.0.2.15","47111","10.0.2.5","80","32","GET","10.0.2.5","/archive/","-","1.1","Mozilla/5.0 [en] (X11, U; OpenVAS-VT 9.0.3)","0","270","404","Not Found","-","-","(empty)","-","-","-","-","-","-","FnLcJe2PEXf8vvTPS3","-"
"1593625729.328977","Cueu4v3vUe456lsrvc","10.0.2.15","47111","10.0.2.5","80","33","GET","10.0.2.5","/archives/","-","1.1","Mozilla/5.0 [en] (X11, U; OpenVAS-VT 9.0.3)","0","270","404","Not Found","-","-","(empty)","-","-","-","-","-","-","F18LGr2GSfUhNKczQ3","-"
"1593625729.338231","Cueu4v3vUe456lsrvc","10.0.2.15","47111","10.0.2.5","80","34","GET","10.0.2.5","/asp/","-","1.1","Mozilla/5.0 [en] (X11, U; OpenVAS-VT 9.0.3)","0","270","404","Not Found","-","-","(empty)","-","-","-","-","-","-","F06ogV1bf6lm1myQwd","-"